patient_id,date,resting_hr,hrv,sleep_hours,steps,spo2,weight_kg,deterioration
PATIENT_001,2026-09-03,75.6,38.9,6.8,6009,98.4,80.9,0
PATIENT_001,2026-09-04,76.6,41.5,6.5,4878,98.4,81.0,0
PATIENT_001,2026-09-05,74.7,40.0,7.2,4439,98.0,80.5,0
PATIENT_001,2026-09-06,77.2,39.1,7.1,6141,98.8,79.7,0
PATIENT_001,2026-09-07,76.3,30.1,5.3,5286,97.6,80.7,0
PATIENT_001,2026-09-08,76.6,32.2,7.4,4891,98.1,80.2,0
PATIENT_001,2026-09-09,74.9,46.5,7.3,6243,98.7,80.5,0
PATIENT_001,2026-09-10,72.7,35.7,6.6,6392,98.0,81.5,0
PATIENT_001,2026-09-11,72.1,33.1,7.4,7315,98.6,80.7,0
PATIENT_001,2026-09-12,78.9,40.1,6.1,5361,98.9,79.6,0
PATIENT_001,2026-09-13,74.7,42.5,6.7,6616,98.6,81.5,0
PATIENT_001,2026-09-14,76.5,36.5,6.6,5061,98.9,80.0,0
PATIENT_001,2026-09-15,74.4,46.0,6.5,5599,96.9,79.8,0
PATIENT_001,2026-09-16,72.9,43.7,7.6,5874,98.4,80.4,0
PATIENT_001,2026-09-17,77.8,47.0,7.1,4882,98.8,80.5,0
PATIENT_001,2026-09-18,78.3,40.5,8.1,5534,99.3,80.4,0
PATIENT_001,2026-09-19,73.0,32.9,6.8,7316,98.8,80.6,0
PATIENT_001,2026-09-20,67.5,45.7,7.2,5343,97.8,80.3,0
PATIENT_001,2026-09-21,79.8,33.4,6.7,7255,97.9,80.1,0
PATIENT_001,2026-09-22,74.9,32.1,7.0,4683,98.8,80.3,0
PATIENT_001,2026-09-23,81.4,42.7,7.7,4590,98.1,80.5,0
PATIENT_001,2026-09-24,79.8,29.0,7.5,6484,99.3,80.7,0
PATIENT_001,2026-09-25,74.7,37.1,6.2,6088,98.1,81.3,0
PATIENT_001,2026-09-26,72.8,43.0,6.0,5497,98.4,80.7,0
PATIENT_001,2026-09-27,78.9,40.4,6.2,6351,98.6,80.5,0
PATIENT_001,2026-09-28,72.5,48.7,7.0,6593,99.1,80.6,0
PATIENT_001,2026-09-29,75.5,55.8,7.1,5597,98.3,81.0,0
PATIENT_001,2026-09-30,74.9,44.4,7.6,5380,97.0,80.5,0
PATIENT_001,2026-10-01,75.3,36.5,7.4,6500,97.5,80.6,0
PATIENT_001,2026-10-02,74.0,30.4,7.2,5848,97.7,80.6,0
PATIENT_002,2026-09-03,77.9,63.3,5.7,7490,97.1,68.3,0
PATIENT_002,2026-09-04,83.6,47.4,8.1,6352,97.5,68.1,0
PATIENT_002,2026-09-05,75.9,47.9,6.6,6997,95.8,69.4,0
PATIENT_002,2026-09-06,77.4,59.7,6.2,7087,99.5,67.9,0
PATIENT_002,2026-09-07,73.4,43.6,7.1,7488,98.2,68.2,0
PATIENT_002,2026-09-08,73.1,44.4,7.5,7260,95.9,68.3,0
PATIENT_002,2026-09-09,82.1,62.3,7.1,7104,96.4,67.9,0
PATIENT_002,2026-09-10,78.1,51.0,7.1,6316,96.5,68.0,0
PATIENT_002,2026-09-11,74.5,52.0,5.4,6461,97.6,69.1,0
PATIENT_002,2026-09-12,78.1,54.5,6.5,6050,96.8,69.1,0
PATIENT_002,2026-09-13,80.9,50.9,8.8,6762,97.7,68.5,0
PATIENT_002,2026-09-14,77.3,63.7,7.7,5395,97.0,68.6,0
PATIENT_002,2026-09-15,80.3,38.0,5.4,4888,97.2,68.3,0
PATIENT_002,2026-09-16,79.0,42.1,6.1,4771,97.5,68.5,0
PATIENT_002,2026-09-17,80.9,53.0,6.7,8144,97.2,68.0,0
PATIENT_002,2026-09-18,76.4,43.4,5.5,6951,97.4,68.2,0
PATIENT_002,2026-09-19,75.8,50.1,7.8,6833,96.9,68.1,0
PATIENT_002,2026-09-20,77.7,38.6,6.7,6856,98.6,68.8,0
PATIENT_002,2026-09-21,81.0,42.5,7.2,5655,97.5,68.6,0
PATIENT_002,2026-09-22,75.6,61.5,7.1,4892,97.7,68.2,0
PATIENT_002,2026-09-23,77.9,50.7,7.0,4755,96.5,68.7,0
PATIENT_002,2026-09-24,81.8,60.8,7.9,4739,97.8,67.4,0
PATIENT_002,2026-09-25,82.8,49.2,6.1,8804,97.7,67.4,0
PATIENT_002,2026-09-26,80.8,39.8,6.9,6329,98.1,67.6,1
PATIENT_002,2026-09-27,82.9,55.2,6.3,7005,97.1,68.0,1
PATIENT_002,2026-09-28,85.9,40.6,6.2,8556,97.4,68.3,1
PATIENT_002,2026-09-29,84.0,32.0,7.5,6648,97.0,68.3,1
PATIENT_002,2026-09-30,89.8,34.1,7.2,6611,97.1,68.7,1
PATIENT_002,2026-10-01,89.6,26.4,6.2,6054,95.7,68.8,1
PATIENT_002,2026-10-02,91.8,41.0,8.2,6819,95.1,68.2,1
PATIENT_003,2026-09-03,73.9,72.6,7.0,4450,97.7,70.4,0
PATIENT_003,2026-09-04,74.1,63.5,7.5,6029,99.0,69.6,0
PATIENT_003,2026-09-05,79.5,54.6,6.8,6476,98.6,69.9,0
PATIENT_003,2026-09-06,72.6,64.1,6.7,4356,97.5,70.0,0
PATIENT_003,2026-09-07,69.8,62.6,7.2,4695,98.7,70.2,0
PATIENT_003,2026-09-08,74.3,55.4,7.5,3764,97.8,69.6,0
PATIENT_003,2026-09-09,76.3,61.6,7.1,6415,98.2,69.7,0
PATIENT_003,2026-09-10,72.5,65.2,7.4,6731,97.5,69.9,0
PATIENT_003,2026-09-11,76.0,59.5,7.1,3565,98.6,70.2,0
PATIENT_003,2026-09-12,79.5,75.9,6.9,5244,98.0,70.9,0
PATIENT_003,2026-09-13,70.9,63.5,6.2,2698,96.6,69.2,0
PATIENT_003,2026-09-14,79.3,54.0,6.9,4116,98.4,69.4,0
PATIENT_003,2026-09-15,80.1,53.2,6.6,5403,98.0,70.6,0
PATIENT_003,2026-09-16,76.5,51.7,6.7,4707,98.5,70.1,0
PATIENT_003,2026-09-17,75.8,66.2,6.7,5144,98.1,70.7,0
PATIENT_003,2026-09-18,75.8,57.7,6.4,5966,97.6,70.1,0
PATIENT_003,2026-09-19,70.4,67.4,6.2,4503,98.7,69.2,0
PATIENT_003,2026-09-20,75.9,60.6,6.4,6623,99.0,68.9,0
PATIENT_003,2026-09-21,71.8,65.8,6.3,4891,98.1,70.3,0
PATIENT_003,2026-09-22,75.5,60.8,6.6,6572,97.6,70.1,0
PATIENT_003,2026-09-23,74.6,60.9,6.9,5117,97.3,70.3,0
PATIENT_003,2026-09-24,80.4,61.8,7.5,6118,98.6,70.1,0
PATIENT_003,2026-09-25,76.8,66.2,7.1,4306,98.0,69.0,0
PATIENT_003,2026-09-26,77.3,63.0,7.5,4831,98.6,69.9,1
PATIENT_003,2026-09-27,75.5,50.2,6.0,2714,98.4,69.8,1
PATIENT_003,2026-09-28,81.4,60.6,6.9,4540,97.5,69.8,1
PATIENT_003,2026-09-29,79.3,48.8,6.5,4069,98.0,69.7,1
PATIENT_003,2026-09-30,85.4,43.7,5.9,2423,97.6,70.6,1
PATIENT_003,2026-10-01,86.2,58.3,5.5,1292,97.6,69.3,1
PATIENT_003,2026-10-02,88.7,67.3,5.8,1000,99.4,70.9,1
PATIENT_004,2026-09-03,80.0,39.9,8.3,8049,96.7,69.5,0
PATIENT_004,2026-09-04,75.9,43.2,7.0,3901,97.4,71.1,0
PATIENT_004,2026-09-05,73.4,48.5,6.2,7121,97.4,71.2,0
PATIENT_004,2026-09-06,77.4,47.8,7.5,5976,96.6,70.4,0
PATIENT_004,2026-09-07,76.2,51.6,7.4,5972,97.8,71.1,0
PATIENT_004,2026-09-08,73.4,62.6,7.0,5716,99.2,70.3,0
PATIENT_004,2026-09-09,80.9,56.1,6.1,6603,97.2,69.6,0
PATIENT_004,2026-09-10,71.4,51.1,7.5,6873,97.3,69.8,0
PATIENT_004,2026-09-11,73.8,46.5,6.5,6279,97.5,69.8,0
PATIENT_004,2026-09-12,76.0,45.1,7.1,6989,97.6,70.5,0
PATIENT_004,2026-09-13,71.8,47.8,7.3,7123,96.4,70.3,0
PATIENT_004,2026-09-14,80.4,49.2,7.1,6933,97.7,70.6,0
PATIENT_004,2026-09-15,77.0,51.5,6.7,6312,98.4,70.1,0
PATIENT_004,2026-09-16,76.2,47.0,7.6,5628,98.2,69.8,0
PATIENT_004,2026-09-17,73.6,51.9,7.2,6780,98.3,70.0,0
PATIENT_004,2026-09-18,78.1,44.0,7.9,7115,97.9,70.3,0
PATIENT_004,2026-09-19,74.4,48.1,7.4,6463,97.6,69.6,0
PATIENT_004,2026-09-20,77.3,45.6,6.5,6328,96.2,70.6,0
PATIENT_004,2026-09-21,79.3,50.0,6.5,5537,97.4,69.0,0
PATIENT_004,2026-09-22,77.3,55.1,7.0,5988,97.6,70.4,0
PATIENT_004,2026-09-23,80.0,50.5,6.7,6021,97.6,71.0,0
PATIENT_004,2026-09-24,75.8,43.0,6.6,4386,97.7,69.6,0
PATIENT_004,2026-09-25,73.0,36.6,6.5,7051,96.6,69.4,0
PATIENT_004,2026-09-26,77.3,48.0,7.4,7223,97.5,69.6,0
PATIENT_004,2026-09-27,76.4,53.9,6.8,5045,98.3,70.0,0
PATIENT_004,2026-09-28,75.5,50.5,7.8,6746,97.3,70.6,0
PATIENT_004,2026-09-29,83.2,60.1,7.5,5360,100,69.6,0
PATIENT_004,2026-09-30,75.6,45.5,8.1,6903,96.5,70.4,0
PATIENT_004,2026-10-01,78.4,48.2,6.4,5757,97.2,70.2,0
PATIENT_004,2026-10-02,75.2,55.6,6.6,4751,97.0,70.9,0
PATIENT_005,2026-09-03,65.8,85.0,7.1,7881,98.4,69.4,0
PATIENT_005,2026-09-04,66.3,66.4,7.9,8076,97.4,68.7,0
PATIENT_005,2026-09-05,69.5,63.6,6.4,6503,96.4,69.7,0
PATIENT_005,2026-09-06,75.2,81.4,7.4,6733,97.8,70.0,0
PATIENT_005,2026-09-07,68.1,67.4,9.0,7093,97.0,69.5,0
PATIENT_005,2026-09-08,71.1,61.2,7.6,6034,97.2,70.4,0
PATIENT_005,2026-09-09,71.5,67.7,7.2,6889,98.1,69.2,0
PATIENT_005,2026-09-10,73.7,58.7,7.5,8943,96.0,70.0,0
PATIENT_005,2026-09-11,63.8,67.7,7.6,8025,95.2,68.5,0
PATIENT_005,2026-09-12,67.6,68.6,7.2,6980,96.5,69.2,0
PATIENT_005,2026-09-13,66.8,70.1,8.1,8633,96.9,69.3,0
PATIENT_005,2026-09-14,69.5,66.3,7.7,5638,97.6,69.0,0
PATIENT_005,2026-09-15,66.5,57.2,8.4,7060,98.2,69.6,0
PATIENT_005,2026-09-16,64.2,60.8,8.2,6435,96.6,69.3,0
PATIENT_005,2026-09-17,68.8,61.3,7.5,6722,95.6,69.7,0
PATIENT_005,2026-09-18,66.9,77.5,7.0,5621,98.2,68.6,0
PATIENT_005,2026-09-19,67.4,72.5,7.5,5545,97.5,69.3,0
PATIENT_005,2026-09-20,73.2,72.5,9.5,5554,97.3,68.9,0
PATIENT_005,2026-09-21,72.8,74.1,8.2,6423,96.8,68.4,0
PATIENT_005,2026-09-22,74.5,71.9,7.6,8134,97.9,69.9,0
PATIENT_005,2026-09-23,64.5,63.4,7.8,7556,98.0,68.9,0
PATIENT_005,2026-09-24,69.7,83.8,8.1,8071,97.4,69.8,0
PATIENT_005,2026-09-25,74.7,69.1,8.5,6325,97.8,69.9,0
PATIENT_005,2026-09-26,68.1,76.0,7.3,6095,97.4,70.9,1
PATIENT_005,2026-09-27,72.3,74.9,7.3,6678,96.5,70.0,1
PATIENT_005,2026-09-28,74.8,68.1,8.6,6098,97.2,71.4,1
PATIENT_005,2026-09-29,71.4,57.7,8.5,6415,95.8,71.3,1
PATIENT_005,2026-09-30,73.1,80.6,7.3,5120,96.7,71.2,1
PATIENT_005,2026-10-01,73.2,58.3,7.1,3794,96.3,71.4,1
PATIENT_005,2026-10-02,74.8,63.6,7.0,5579,97.3,72.4,1
PATIENT_006,2026-09-03,62.9,59.4,7.0,4854,98.0,88.6,0
PATIENT_006,2026-09-04,71.2,51.5,6.6,5948,98.0,89.1,0
PATIENT_006,2026-09-05,75.2,59.5,6.5,2769,98.9,89.0,0
PATIENT_006,2026-09-06,65.9,71.7,7.5,5637,96.6,89.4,0
PATIENT_006,2026-09-07,67.6,54.2,7.4,3396,98.0,89.4,0
PATIENT_006,2026-09-08,75.6,64.7,5.5,4693,97.7,89.3,0
PATIENT_006,2026-09-09,72.4,48.7,6.6,6499,98.7,90.1,0
PATIENT_006,2026-09-10,68.3,70.1,7.8,6727,98.1,89.6,0
PATIENT_006,2026-09-11,67.1,52.3,7.4,5182,97.6,88.9,0
PATIENT_006,2026-09-12,68.2,64.1,6.2,5597,97.8,89.1,0
PATIENT_006,2026-09-13,67.2,67.9,7.9,4927,98.5,89.6,0
PATIENT_006,2026-09-14,61.5,57.1,6.4,6310,97.8,89.4,0
PATIENT_006,2026-09-15,71.3,56.1,6.3,4306,97.5,89.1,0
PATIENT_006,2026-09-16,69.9,57.3,7.3,6446,98.7,89.5,0
PATIENT_006,2026-09-17,70.0,67.1,7.1,4877,98.5,90.0,0
PATIENT_006,2026-09-18,75.4,62.7,7.0,5945,97.6,89.5,0
PATIENT_006,2026-09-19,69.1,61.1,7.8,5693,97.7,89.6,0
PATIENT_006,2026-09-20,69.9,64.5,6.7,4308,97.6,88.6,0
PATIENT_006,2026-09-21,70.1,54.2,7.3,6278,97.8,89.1,0
PATIENT_006,2026-09-22,70.7,48.7,6.1,5380,97.9,89.1,0
PATIENT_006,2026-09-23,66.4,63.4,6.5,4460,97.8,89.0,0
PATIENT_006,2026-09-24,73.0,67.1,7.2,5850,97.0,88.7,0
PATIENT_006,2026-09-25,65.0,82.6,6.1,5319,97.4,89.0,0
PATIENT_006,2026-09-26,67.7,49.3,6.2,4138,97.5,88.8,0
PATIENT_006,2026-09-27,67.4,63.9,6.4,6461,97.3,89.3,0
PATIENT_006,2026-09-28,65.5,67.0,6.5,5937,97.8,89.1,0
PATIENT_006,2026-09-29,70.1,59.7,7.6,6463,98.0,88.6,0
PATIENT_006,2026-09-30,66.1,57.8,6.6,5977,97.0,89.7,0
PATIENT_006,2026-10-01,69.4,48.3,6.5,2943,97.1,88.9,0
PATIENT_006,2026-10-02,67.6,60.1,6.5,4935,98.7,89.8,0
PATIENT_007,2026-09-03,72.2,54.1,7.3,8049,99.7,88.8,0
PATIENT_007,2026-09-04,70.3,67.3,7.2,7407,98.5,89.3,0
PATIENT_007,2026-09-05,73.2,56.3,7.1,8552,98.4,89.1,0
PATIENT_007,2026-09-06,70.5,58.0,6.9,8670,97.8,89.8,0
PATIENT_007,2026-09-07,71.2,53.9,7.5,8396,99.1,89.8,0
PATIENT_007,2026-09-08,69.4,57.9,7.0,7248,98.0,89.4,0
PATIENT_007,2026-09-09,70.6,59.4,6.9,8577,98.2,88.7,0
PATIENT_007,2026-09-10,70.1,61.0,6.7,9056,99.1,89.3,0
PATIENT_007,2026-09-11,70.9,66.6,7.3,9120,99.7,89.3,0
PATIENT_007,2026-09-12,71.8,69.0,7.2,7101,99.2,88.5,0
PATIENT_007,2026-09-13,75.9,69.0,7.5,8280,99.8,88.8,0
PATIENT_007,2026-09-14,67.0,58.7,7.2,7222,98.6,89.3,0
PATIENT_007,2026-09-15,68.1,74.1,6.5,6952,98.8,89.1,0
PATIENT_007,2026-09-16,71.8,58.5,6.7,7583,98.1,89.5,0
PATIENT_007,2026-09-17,69.1,68.2,7.7,9269,99.2,89.6,0
PATIENT_007,2026-09-18,72.8,59.3,7.2,6399,98.7,88.9,0
PATIENT_007,2026-09-19,71.7,66.6,6.5,7215,98.3,89.0,0
PATIENT_007,2026-09-20,71.0,54.8,7.4,6540,97.0,89.6,0
PATIENT_007,2026-09-21,66.6,59.0,6.5,6820,98.3,89.0,0
PATIENT_007,2026-09-22,73.5,66.0,7.2,8987,99.3,89.4,0
PATIENT_007,2026-09-23,69.3,70.0,8.4,8889,99.8,89.7,0
PATIENT_007,2026-09-24,73.1,55.2,6.7,8179,97.4,88.9,0
PATIENT_007,2026-09-25,73.1,58.2,7.7,6878,98.2,89.7,0
PATIENT_007,2026-09-26,72.6,62.4,8.2,9076,97.7,90.1,1
PATIENT_007,2026-09-27,71.7,57.8,7.0,8402,97.3,90.0,1
PATIENT_007,2026-09-28,76.6,61.1,6.7,7882,97.4,90.6,1
PATIENT_007,2026-09-29,77.6,43.1,6.9,6608,97.5,89.9,1
PATIENT_007,2026-09-30,77.3,40.3,7.5,4851,97.1,91.1,1
PATIENT_007,2026-10-01,81.3,52.9,7.2,5217,96.6,91.2,1
PATIENT_007,2026-10-02,83.4,43.1,5.3,6318,97.5,90.3,1
PATIENT_008,2026-09-03,75.6,67.2,7.7,7734,98.7,72.5,0
PATIENT_008,2026-09-04,77.7,65.9,8.6,8005,98.9,73.2,0
PATIENT_008,2026-09-05,80.6,49.7,8.1,7318,98.0,72.4,0
PATIENT_008,2026-09-06,76.2,65.1,8.0,5608,98.1,72.4,0
PATIENT_008,2026-09-07,74.6,64.9,7.3,6447,97.4,72.8,0
PATIENT_008,2026-09-08,77.4,54.5,7.0,6923,98.2,72.2,0
PATIENT_008,2026-09-09,78.9,56.4,9.2,6165,97.4,72.8,0
PATIENT_008,2026-09-10,74.7,68.0,8.6,6718,98.1,72.4,0
PATIENT_008,2026-09-11,77.4,72.2,8.1,6201,99.0,73.3,0
PATIENT_008,2026-09-12,78.9,57.5,7.6,6310,98.3,72.5,0
PATIENT_008,2026-09-13,70.7,68.6,7.6,8184,97.8,72.8,0
PATIENT_008,2026-09-14,80.8,64.9,7.7,10320,97.8,72.8,0
PATIENT_008,2026-09-15,82.6,56.5,6.9,5674,98.3,73.0,0
PATIENT_008,2026-09-16,79.7,52.7,8.1,8303,97.9,72.7,0
PATIENT_008,2026-09-17,79.5,64.7,7.9,6019,97.8,72.1,0
PATIENT_008,2026-09-18,79.3,65.9,7.5,7402,96.8,73.1,0
PATIENT_008,2026-09-19,76.0,63.1,8.2,6349,98.8,72.8,0
PATIENT_008,2026-09-20,77.5,66.1,6.8,7700,98.0,73.2,0
PATIENT_008,2026-09-21,76.8,59.6,7.7,7046,97.1,72.6,0
PATIENT_008,2026-09-22,81.2,61.5,7.0,7822,96.6,71.6,0
PATIENT_008,2026-09-23,77.4,63.4,7.7,6213,97.8,72.0,0
PATIENT_008,2026-09-24,78.1,50.9,7.4,7367,96.7,72.4,0
PATIENT_008,2026-09-25,79.8,73.0,6.6,7445,97.1,72.0,0
PATIENT_008,2026-09-26,82.2,66.8,7.0,7325,98.4,72.8,0
PATIENT_008,2026-09-27,84.2,66.4,5.7,6815,97.4,72.6,0
PATIENT_008,2026-09-28,77.5,57.6,6.9,8469,98.4,72.4,0
PATIENT_008,2026-09-29,79.5,66.9,8.3,6050,98.5,72.4,0
PATIENT_008,2026-09-30,80.9,60.8,6.2,7141,96.7,72.6,0
PATIENT_008,2026-10-01,77.3,59.4,6.6,5990,97.3,72.6,0
PATIENT_008,2026-10-02,81.3,67.1,7.2,8379,97.0,73.0,0
PATIENT_009,2026-09-03,77.5,39.1,8.6,7057,98.2,68.9,0
PATIENT_009,2026-09-04,67.1,25.6,8.3,7479,99.0,68.1,0
PATIENT_009,2026-09-05,75.0,46.3,7.4,7142,98.1,68.0,0
PATIENT_009,2026-09-06,67.1,25.9,7.1,7633,98.2,68.0,0
PATIENT_009,2026-09-07,66.8,47.3,7.8,6901,98.9,67.7,0
PATIENT_009,2026-09-08,67.4,47.1,7.8,7185,96.8,68.8,0
PATIENT_009,2026-09-09,68.8,56.5,7.5,6439,99.5,67.8,0
PATIENT_009,2026-09-10,72.9,36.8,8.6,7203,99.3,67.9,0
PATIENT_009,2026-09-11,69.6,43.4,6.6,5858,99.7,67.6,0
PATIENT_009,2026-09-12,74.1,36.9,8.0,5263,99.3,68.5,0
PATIENT_009,2026-09-13,73.7,50.7,8.6,6619,98.1,68.9,0
PATIENT_009,2026-09-14,66.4,38.2,8.2,6854,100,68.2,0
PATIENT_009,2026-09-15,65.2,39.3,7.9,6060,100.0,68.1,0
PATIENT_009,2026-09-16,66.0,44.5,7.1,8110,99.2,67.5,0
PATIENT_009,2026-09-17,73.5,57.9,6.6,7313,99.3,68.3,0
PATIENT_009,2026-09-18,71.3,44.7,7.4,7821,98.0,69.2,0
PATIENT_009,2026-09-19,74.9,33.0,7.8,7830,98.7,68.2,0
PATIENT_009,2026-09-20,69.1,49.4,7.4,6400,99.4,68.1,0
PATIENT_009,2026-09-21,67.7,31.9,6.9,5230,97.8,67.9,0
PATIENT_009,2026-09-22,71.2,41.6,7.3,5392,98.3,67.5,0
PATIENT_009,2026-09-23,66.6,46.3,7.0,6428,98.6,69.5,0
PATIENT_009,2026-09-24,64.9,42.6,7.6,5639,99.2,68.3,0
PATIENT_009,2026-09-25,67.1,44.3,8.0,7720,98.6,69.0,0
PATIENT_009,2026-09-26,70.7,24.4,8.0,6329,98.4,68.7,1
PATIENT_009,2026-09-27,70.9,42.4,7.5,7161,99.5,68.5,1
PATIENT_009,2026-09-28,70.2,38.7,7.4,8412,99.3,68.6,1
PATIENT_009,2026-09-29,72.0,26.4,7.3,5240,98.2,68.2,1
PATIENT_009,2026-09-30,75.0,27.7,7.7,6010,99.5,68.2,1
PATIENT_009,2026-10-01,75.7,25.1,5.7,6477,98.5,67.8,1
PATIENT_009,2026-10-02,71.6,17.2,5.6,7280,98.8,67.4,1
PATIENT_010,2026-09-03,65.4,51.7,7.0,8732,97.5,62.0,0
PATIENT_010,2026-09-04,73.5,50.9,7.5,4905,98.7,61.9,0
PATIENT_010,2026-09-05,71.6,59.9,7.2,5778,98.1,62.5,0
PATIENT_010,2026-09-06,67.2,53.3,6.8,5033,97.2,62.8,0
PATIENT_010,2026-09-07,75.3,70.3,7.3,4937,97.0,63.0,0
PATIENT_010,2026-09-08,65.9,49.8,7.0,7529,97.0,62.8,0
PATIENT_010,2026-09-09,74.4,50.9,7.6,4240,97.6,62.1,0
PATIENT_010,2026-09-10,62.8,54.9,7.6,4085,96.7,61.8,0
PATIENT_010,2026-09-11,68.9,49.9,6.8,4771,97.9,62.0,0
PATIENT_010,2026-09-12,70.2,50.4,7.6,5624,98.3,62.3,0
PATIENT_010,2026-09-13,73.2,60.7,6.5,6701,98.9,61.7,0
PATIENT_010,2026-09-14,70.4,49.5,7.6,6299,97.2,62.9,0
PATIENT_010,2026-09-15,67.9,51.0,8.0,7732,97.3,62.6,0
PATIENT_010,2026-09-16,71.1,40.9,6.8,4574,97.3,62.0,0
PATIENT_010,2026-09-17,70.6,61.0,7.6,8432,97.5,62.6,0
PATIENT_010,2026-09-18,71.7,62.6,7.1,6624,98.8,61.8,0
PATIENT_010,2026-09-19,70.3,55.5,7.1,4903,98.9,62.1,0
PATIENT_010,2026-09-20,75.7,48.5,7.2,6576,97.5,61.8,0
PATIENT_010,2026-09-21,68.3,53.9,7.0,5867,96.1,61.9,0
PATIENT_010,2026-09-22,69.9,48.4,6.8,4895,97.7,62.9,0
PATIENT_010,2026-09-23,66.3,50.1,7.9,6113,97.6,62.0,0
PATIENT_010,2026-09-24,70.5,51.3,6.0,5063,96.3,62.9,0
PATIENT_010,2026-09-25,73.0,46.5,7.8,8227,97.2,62.9,0
PATIENT_010,2026-09-26,71.6,50.4,6.7,5223,97.4,61.0,0
PATIENT_010,2026-09-27,72.1,49.8,7.6,5359,99.8,61.4,0
PATIENT_010,2026-09-28,67.7,57.0,8.8,4786,98.9,61.7,0
PATIENT_010,2026-09-29,74.4,52.5,8.7,7561,97.2,63.7,0
PATIENT_010,2026-09-30,67.1,49.8,8.4,5044,97.2,62.3,0
PATIENT_010,2026-10-01,71.8,54.7,6.9,5976,98.1,63.0,0
PATIENT_010,2026-10-02,71.5,43.2,7.4,5158,98.6,61.4,0
