patient_id,date,age,sex,bmi,hypertension,diabetes,resting_hr,hrv,sleep_hours,steps,spo2,weight_kg,twin_risk_score,risk_category,risk_trajectory,risk_reasons,deterioration,personalized_explanation,abnormal_days,total_abnormal_signals,dominant_signals,personalization_status,personalized_status,future_risk_score,future_risk_category,current_risk_interpretation,key_contributing_signals,persistence_interpretation,trajectory_interpretation,future_risk_interpretation,overall_twin_interpretation,risk_interpretation,key_signal_summary,doctor_facing_summary
PATIENT_001,2026-10-02,47,male,23.7,1,0,74.0,30.4,7.2,5848,97.7,80.6,20,Moderate,Stable,HRV decreased,0,HRV is 23.1% below personal baseline,4,4,No persistent abnormal signal,Emerging deviation,Emerging deviation from personal baseline,28,Moderate,Moderate current physiological risk signal,HRV deviation,Emerging deviation from the patient's personal baseline,Risk trajectory is currently stable,Future risk signal available from trajectory model,The digital twin detects emerging deviations from the patient's personal baseline that should be monitored over time.,Current physiological state appears relatively stable compared with the patient's personal baseline.,HRV ↓ 23.1%,Moderate current risk signal with Moderate near-term risk signal. Risk trajectory is stable. Key personalized signals: HRV ↓ 23.1%. Emerging deviation.
PATIENT_002,2026-10-02,74,male,23.1,1,0,91.8,41.0,8.2,6819,95.1,68.2,45,Elevated,Stable,Resting HR increased; HRV slightly decreased; SpO2 decreased,1,Resting HR is 14.4% above personal baseline; SpO₂ is 2.1% below personal baseline,4,8,No persistent abnormal signal,Emerging deviation,Emerging deviation from personal baseline,60,High,Elevated current physiological risk signal,"Resting HR deviation, SpO₂ deviation",Emerging deviation from the patient's personal baseline,Risk trajectory is currently stable,Future risk signal available from trajectory model,The digital twin detects a meaningful change from the patient's usual physiological pattern and recommends closer monitoring.,High near-term risk signal. Multiple indicators suggest that the patient's physiological state may deteriorate if the current pattern persists.,Resting HR ↑ 14.4%; SpO2 ↓ 2.1%,Elevated current risk signal with High near-term risk signal. Risk trajectory is stable. Key personalized signals: Resting HR ↑ 14.4%; SpO2 ↓ 2.1%. Emerging deviation.
PATIENT_003,2026-10-02,41,male,24.6,1,1,88.7,67.3,5.8,1000,99.4,70.9,38,Moderate,Improving,Resting HR increased; Sleep slightly decreased; Activity decreased,1,Resting HR is 15.4% above personal baseline; Activity is 78.4% below personal baseline,4,9,Activity,Emerging deviation,Emerging deviation from personal baseline,41,Elevated,Moderate current physiological risk signal,"Resting HR deviation, Activity deviation",Emerging deviation from the patient's personal baseline,Risk trajectory is improving,Future risk signal available from trajectory model,The digital twin detects emerging deviations from the patient's personal baseline that should be monitored over time.,Elevated near-term risk signal. The patient's current physiological pattern shows changes that warrant closer monitoring.,Activity ↓ 78.4%; Resting HR ↑ 15.4%,Moderate current risk signal with elevated near-term risk signal. Risk trajectory is improving. Key personalized signals: Activity ↓ 78.4%; Resting HR ↑ 15.4%. Emerging deviation.
PATIENT_004,2026-10-02,40,male,23.9,1,0,75.2,55.6,6.6,4751,97.0,70.9,8,Low,Stable,Activity slightly decreased,0,Activity is 23.8% below personal baseline,3,3,No persistent abnormal signal,Emerging deviation,Emerging deviation from personal baseline,8,Low,Low current physiological risk signal,Activity deviation,Emerging deviation from the patient's personal baseline,Risk trajectory is currently stable,Future risk signal available from trajectory model,The digital twin detects emerging deviations from the patient's personal baseline that should be monitored over time.,Current physiological state appears relatively stable compared with the patient's personal baseline.,Activity ↓ 23.8%,Low current risk signal with Low near-term risk signal. Risk trajectory is stable. Key personalized signals: Activity ↓ 23.8%. Emerging deviation.
PATIENT_005,2026-10-02,61,male,32.2,0,0,74.8,63.6,7.0,5579,97.3,72.4,24,Moderate,Stable,Resting HR slightly increased; Activity slightly decreased; Weight slightly increased,1,Weight is 3.7% above personal baseline,4,4,No persistent abnormal signal,Emerging deviation,Emerging deviation from personal baseline,32,Moderate,Moderate current physiological risk signal,Weight deviation,Emerging deviation from the patient's personal baseline,Risk trajectory is currently stable,Future risk signal available from trajectory model,The digital twin detects emerging deviations from the patient's personal baseline that should be monitored over time.,Current physiological state appears relatively stable compared with the patient's personal baseline.,Weight ↑ 3.7%,Moderate current risk signal with Moderate near-term risk signal. Risk trajectory is stable. Key personalized signals: Weight ↑ 3.7%. Emerging deviation.
PATIENT_006,2026-10-02,42,female,28.6,1,0,67.6,60.1,6.5,4935,98.7,89.8,0,Low,Stable,,0,No significant deviations from personal baseline detected,2,3,No persistent abnormal signal,Emerging deviation,Emerging deviation from personal baseline,0,Low,Low current physiological risk signal,No major personalized deviations,Emerging deviation from the patient's personal baseline,Risk trajectory is currently stable,Future risk signal available from trajectory model,The digital twin detects emerging deviations from the patient's personal baseline that should be monitored over time.,Current physiological state appears relatively stable compared with the patient's personal baseline.,No major personalized deviations detected,Low current risk signal with Low near-term risk signal. Risk trajectory is stable. Key personalized signals: No major personalized deviations detected. Emerging deviation.
PATIENT_007,2026-10-02,63,male,31.3,1,0,83.4,43.1,5.3,6318,97.5,90.3,58,Elevated,Stable,Resting HR increased; HRV decreased; Sleep decreased; Activity slightly decreased,1,Resting HR is 15.1% above personal baseline; HRV is 27.4% below personal baseline; Sleep is 25.4% below personal baseline,5,11,SpO2,Persistent deviation,Persistent deviation from personal baseline,73,High,Elevated current physiological risk signal,"Resting HR deviation, HRV deviation, Sleep deviation",Multiple deviations persist relative to the patient's personal baseline,Risk trajectory is currently stable,Future risk signal available from trajectory model,The digital twin detects a meaningful change from the patient's usual physiological pattern and recommends closer monitoring.,High near-term risk signal. Multiple indicators suggest that the patient's physiological state may deteriorate if the current pattern persists.,HRV ↓ 27.4%; Sleep ↓ 25.4%; Resting HR ↑ 15.1%,Elevated current risk signal with High near-term risk signal. Risk trajectory is stable. Key personalized signals: HRV ↓ 27.4%; Sleep ↓ 25.4%; Resting HR ↑ 15.1%. Persistent deviation.
PATIENT_008,2026-10-02,54,male,24.0,0,0,81.3,67.1,7.2,8379,97.0,73.0,0,Low,Improving,,0,No significant deviations from personal baseline detected,2,3,No persistent abnormal signal,Emerging deviation,Emerging deviation from personal baseline,0,Low,Low current physiological risk signal,No major personalized deviations,Emerging deviation from the patient's personal baseline,Risk trajectory is improving,Future risk signal available from trajectory model,The digital twin detects emerging deviations from the patient's personal baseline that should be monitored over time.,Improving trajectory detected. Recent physiological changes are moving toward the patient's usual baseline.,No major personalized deviations detected,Low current risk signal with Low near-term risk signal. Risk trajectory is improving. Key personalized signals: No major personalized deviations detected. Emerging deviation.
PATIENT_009,2026-10-02,57,male,24.0,1,1,71.6,17.2,5.6,7280,98.8,67.4,35,Moderate,Stable,HRV decreased; Sleep decreased,1,HRV is 55.9% below personal baseline; Sleep is 25.2% below personal baseline,5,8,HRV,Persistent deviation,Persistent deviation from personal baseline,43,Elevated,Moderate current physiological risk signal,"HRV deviation, Sleep deviation",Multiple deviations persist relative to the patient's personal baseline,Risk trajectory is currently stable,Future risk signal available from trajectory model,The digital twin detects a meaningful change from the patient's usual physiological pattern and recommends closer monitoring.,Elevated near-term risk signal. The patient's current physiological pattern shows changes that warrant closer monitoring.,HRV ↓ 55.9%; Sleep ↓ 25.2%,Moderate current risk signal with elevated near-term risk signal. Risk trajectory is stable. Key personalized signals: HRV ↓ 55.9%; Sleep ↓ 25.2%. Persistent deviation.
PATIENT_010,2026-10-02,75,male,31.9,1,0,71.5,43.2,7.4,5158,98.6,61.4,10,Low,Stable,HRV slightly decreased,0,No significant deviations from personal baseline detected,0,0,No persistent abnormal signal,Stable personal baseline,Stable relative to personal baseline,10,Low,Low current physiological risk signal,No major personalized deviations,No meaningful persistent deviation from the patient's personal baseline,Risk trajectory is currently stable,Future risk signal available from trajectory model,The digital twin currently detects a relatively stable physiological pattern compared with the patient's personal baseline.,Current physiological state appears relatively stable compared with the patient's personal baseline.,No major personalized deviations detected,Low current risk signal with Low near-term risk signal. Risk trajectory is stable. Key personalized signals: No major personalized deviations detected. Stable personal baseline.
