patient_id,actual_deterioration,gru_probability,prediction
PATIENT_001,0,0.20281702,0
PATIENT_001,0,0.19017653,0
PATIENT_001,0,0.16657983,0
PATIENT_001,0,0.19258462,0
PATIENT_001,0,0.19217274,0
PATIENT_001,0,0.2041837,0
PATIENT_001,0,0.22819145,0
PATIENT_001,0,0.20488395,0
PATIENT_001,0,0.23588268,0
PATIENT_001,0,0.24911906,0
PATIENT_001,0,0.21117361,0
PATIENT_001,0,0.19497985,0
PATIENT_001,0,0.21399726,0
PATIENT_001,0,0.2009202,0
PATIENT_001,0,0.23821366,0
PATIENT_001,0,0.21133436,0
PATIENT_001,0,0.19742885,0
PATIENT_001,0,0.20041789,0
PATIENT_001,0,0.22427566,0
PATIENT_001,0,0.21305248,0
PATIENT_001,0,0.25843295,0
PATIENT_001,0,0.27186114,0
PATIENT_001,0,0.26280954,0
PATIENT_001,0,0.23201679,0
PATIENT_002,0,0.25817394,0
PATIENT_002,0,0.24980019,0
PATIENT_002,0,0.23659104,0
PATIENT_002,0,0.26632172,0
PATIENT_002,0,0.24988508,0
PATIENT_002,0,0.28378418,0
PATIENT_002,0,0.31461602,0
PATIENT_002,0,0.2865659,0
PATIENT_002,0,0.28394485,0
PATIENT_002,0,0.25467134,0
PATIENT_002,0,0.2294304,0
PATIENT_002,0,0.20101605,0
PATIENT_002,0,0.20216782,0
PATIENT_002,0,0.21524431,0
PATIENT_002,0,0.23941365,0
PATIENT_002,0,0.2655604,0
PATIENT_002,0,0.28648517,0
PATIENT_002,1,0.2773448,0
PATIENT_002,1,0.3219613,0
PATIENT_002,1,0.3349765,0
PATIENT_002,1,0.29472634,0
PATIENT_002,1,0.31035182,0
PATIENT_002,1,0.31195495,0
PATIENT_002,1,0.3287644,0
PATIENT_008,0,0.4050712,0
PATIENT_008,0,0.3882981,0
PATIENT_008,0,0.40293163,0
PATIENT_008,0,0.42606387,0
PATIENT_008,0,0.3866231,0
PATIENT_008,0,0.41433212,0
PATIENT_008,0,0.46405032,0
PATIENT_008,0,0.44663465,0
PATIENT_008,0,0.4524961,0
PATIENT_008,0,0.4625926,0
PATIENT_008,0,0.42043582,0
PATIENT_008,0,0.42832413,0
PATIENT_008,0,0.42821717,0
PATIENT_008,0,0.45954242,0
PATIENT_008,0,0.4486405,0
PATIENT_008,0,0.42200884,0
PATIENT_008,0,0.45101973,0
PATIENT_008,0,0.46378422,0
PATIENT_008,0,0.49785596,0
PATIENT_008,0,0.46226886,0
PATIENT_008,0,0.45305625,0
PATIENT_008,0,0.48850945,0
PATIENT_008,0,0.48602366,0
PATIENT_008,0,0.4876533,0
PATIENT_009,0,0.124248944,0
PATIENT_009,0,0.1258647,0
PATIENT_009,0,0.12862158,0
PATIENT_009,0,0.13412984,0
PATIENT_009,0,0.15485445,0
PATIENT_009,0,0.13136713,0
PATIENT_009,0,0.124435246,0
PATIENT_009,0,0.1179486,0
PATIENT_009,0,0.14234568,0
PATIENT_009,0,0.14707248,0
PATIENT_009,0,0.14212306,0
PATIENT_009,0,0.13621467,0
PATIENT_009,0,0.1298339,0
PATIENT_009,0,0.1319581,0
PATIENT_009,0,0.12732276,0
PATIENT_009,0,0.11884246,0
PATIENT_009,0,0.11932817,0
PATIENT_009,1,0.1171571,0
PATIENT_009,1,0.115388386,0
PATIENT_009,1,0.114482336,0
PATIENT_009,1,0.11613358,0
PATIENT_009,1,0.11448918,0
PATIENT_009,1,0.1143707,0
PATIENT_009,1,0.10572913,0
