patient_id,date,resting_hr,resting_hr_baseline,hr_change_pct,hrv,hrv_baseline,hrv_change_pct,sleep_hours,sleep_hours_baseline,sleep_change_pct,steps,steps_baseline,steps_change_pct,spo2,spo2_baseline,spo2_change_pct,weight_kg,weight_kg_baseline,weight_change_pct,deterioration,personalized_explanation
PATIENT_001,2026-09-03,75.6,75.50666666666666,0.1236093943139683,38.9,39.516666666666666,-1.5605229860818233,6.8,6.930000000000001,-1.875901875901887,6009,5801.533333333334,3.5760660974684777,98.4,98.32666666666668,0.0745813275476347,80.9,80.53999999999999,0.4469828656568335,0,No significant deviations from personal baseline detected
PATIENT_001,2026-09-04,76.6,75.50666666666666,1.447995761963624,41.5,39.516666666666666,5.018979333614511,6.5,6.930000000000001,-6.204906204906213,4878,5801.533333333334,-15.918780092619198,98.4,98.32666666666668,0.0745813275476347,81.0,80.53999999999999,0.5711447727837199,0,No significant deviations from personal baseline detected
PATIENT_001,2026-09-05,74.7,75.50666666666666,-1.0683383365707104,40.0,39.516666666666666,1.223112610712782,7.2,6.930000000000001,3.89610389610389,4439,5801.533333333334,-23.48574514783449,98.0,98.32666666666668,-0.3322259136212638,80.5,80.53999999999999,-0.0496647628507475,0,Activity is 23.5% below personal baseline
PATIENT_001,2026-09-06,77.2,75.50666666666666,2.2426275825534288,39.1,39.516666666666666,-1.054407423028252,7.1,6.930000000000001,2.453102453102439,6141,5801.533333333334,5.851326660767835,98.8,98.32666666666668,0.4813885687165188,79.7,80.53999999999999,-1.0429600198658917,0,No significant deviations from personal baseline detected
PATIENT_001,2026-09-07,76.3,75.50666666666666,1.0506798516687312,30.1,39.516666666666666,-23.829607760438627,5.3,6.930000000000001,-23.52092352092353,5286,5801.533333333334,-8.886156533330276,97.6,98.32666666666668,-0.7390331547901624,80.7,80.53999999999999,0.1986590514030429,0,HRV is 23.8% below personal baseline; Sleep is 23.5% below personal baseline
PATIENT_001,2026-09-08,76.6,75.50666666666666,1.447995761963624,32.2,39.516666666666666,-18.515394348376205,7.4,6.930000000000001,6.782106782106778,4891,5801.533333333334,-15.69470140077911,98.1,98.32666666666668,-0.2305241033290463,80.2,80.53999999999999,-0.4221504842314244,0,No significant deviations from personal baseline detected
PATIENT_001,2026-09-09,74.9,75.50666666666666,-0.8034610630407757,46.5,39.516666666666666,17.67186840995361,7.3,6.930000000000001,5.339105339105328,6243,5801.533333333334,7.609482550590066,98.7,98.32666666666668,0.3796867584243015,80.5,80.53999999999999,-0.0496647628507475,0,No significant deviations from personal baseline detected
PATIENT_001,2026-09-10,72.7,75.50666666666666,-3.717111071870022,35.7,39.516666666666666,-9.658371994938834,6.6,6.930000000000001,-4.761904761904775,6392,5801.533333333334,10.177769095526465,98.0,98.32666666666668,-0.3322259136212638,81.5,80.53999999999999,1.1919543084181872,0,No significant deviations from personal baseline detected
PATIENT_001,2026-09-11,72.1,75.50666666666666,-4.511742892459827,33.1,39.516666666666666,-16.23787431463517,7.4,6.930000000000001,6.782106782106778,7315,5801.533333333334,26.08735621617273,98.6,98.32666666666668,0.2779849481320696,80.7,80.53999999999999,0.1986590514030429,0,No significant deviations from personal baseline detected
PATIENT_001,2026-09-12,78.9,75.50666666666666,4.494084407557848,40.1,39.516666666666666,1.4761703922395677,6.1,6.930000000000001,-11.97691197691199,5361,5801.533333333334,-7.59339484963746,98.9,98.32666666666668,0.5830903790087507,79.6,80.53999999999999,-1.167121926992796,0,No significant deviations from personal baseline detected
PATIENT_001,2026-09-13,74.7,75.50666666666666,-1.0683383365707104,42.5,39.516666666666666,7.549557148882331,6.7,6.930000000000001,-3.318903318903325,6616,5801.533333333334,14.038817324155676,98.6,98.32666666666668,0.2779849481320696,81.5,80.53999999999999,1.1919543084181872,0,No significant deviations from personal baseline detected
PATIENT_001,2026-09-14,76.5,75.50666666666666,1.315557125198666,36.5,39.516666666666666,-7.633909742724587,6.6,6.930000000000001,-4.761904761904775,5061,5801.533333333334,-12.764441584408726,98.9,98.32666666666668,0.5830903790087507,80.0,80.53999999999999,-0.6704742984852149,0,No significant deviations from personal baseline detected
PATIENT_001,2026-09-15,74.4,75.50666666666666,-1.4656542468656035,46.0,39.516666666666666,16.406579502319698,6.5,6.930000000000001,-6.204906204906213,5599,5801.533333333334,-3.4910311067189204,96.9,98.32666666666668,-1.4509458268357134,79.8,80.53999999999999,-0.9187981127390056,0,SpO₂ is 1.5% below personal baseline
PATIENT_001,2026-09-16,72.9,75.50666666666666,-3.4522337983400875,43.7,39.516666666666666,10.58625052720372,7.6,6.930000000000001,9.668109668109654,5874,5801.533333333334,1.2490950668214076,98.4,98.32666666666668,0.0745813275476347,80.4,80.53999999999999,-0.1738266699776339,0,No significant deviations from personal baseline detected
PATIENT_001,2026-09-17,77.8,75.50666666666666,3.037259403143215,47.0,39.516666666666666,18.93715731758752,7.1,6.930000000000001,2.453102453102439,4882,5801.533333333334,-15.849832802822249,98.8,98.32666666666668,0.4813885687165188,80.5,80.53999999999999,-0.0496647628507475,0,No significant deviations from personal baseline detected
PATIENT_001,2026-09-18,78.3,75.50666666666666,3.6994525869680426,40.5,39.516666666666666,2.488401518346692,8.1,6.930000000000001,16.883116883116866,5534,5801.533333333334,-4.611424565919362,99.3,98.32666666666668,0.9898976201776348,80.4,80.53999999999999,-0.1738266699776339,0,No significant deviations from personal baseline detected
PATIENT_001,2026-09-19,73.0,75.50666666666666,-3.3197951615751293,32.9,39.516666666666666,-16.74398987768874,6.8,6.930000000000001,-1.875901875901887,7316,5801.533333333334,26.104593038621964,98.8,98.32666666666668,0.4813885687165188,80.6,80.53999999999999,0.0744971442761389,0,No significant deviations from personal baseline detected
PATIENT_001,2026-09-20,67.5,75.50666666666666,-10.603920183648237,45.7,39.516666666666666,15.64740615773936,7.2,6.930000000000001,3.89610389610389,5343,5801.533333333334,-7.903657653723735,97.8,98.32666666666668,-0.535629534205713,80.3,80.53999999999999,-0.297988577104538,0,Resting HR is 10.6% below personal baseline
PATIENT_001,2026-09-21,79.8,75.50666666666666,5.686032138442526,33.4,39.516666666666666,-15.478700970054833,6.7,6.930000000000001,-3.318903318903325,7255,5801.533333333334,25.05314686921848,97.9,98.32666666666668,-0.4339277239134813,80.1,80.53999999999999,-0.5463123913583284,0,No significant deviations from personal baseline detected
PATIENT_001,2026-09-22,74.9,75.50666666666666,-0.8034610630407757,32.1,39.516666666666666,-18.768452129902983,7.0,6.930000000000001,1.0101010101010013,4683,5801.533333333334,-19.279960470220523,98.8,98.32666666666668,0.4813885687165188,80.3,80.53999999999999,-0.297988577104538,0,No significant deviations from personal baseline detected
PATIENT_001,2026-09-23,81.4,75.50666666666666,7.805050326681987,42.7,39.516666666666666,8.055672711935902,7.7,6.930000000000001,11.111111111111104,4590,5801.533333333334,-20.88298495799961,98.1,98.32666666666668,-0.2305241033290463,80.5,80.53999999999999,-0.0496647628507475,0,Activity is 20.9% below personal baseline
PATIENT_001,2026-09-24,79.8,75.50666666666666,5.686032138442526,29.0,39.516666666666666,-26.61324335723324,7.5,6.930000000000001,8.225108225108215,6484,5801.533333333334,11.763556760856316,99.3,98.32666666666668,0.9898976201776348,80.7,80.53999999999999,0.1986590514030429,0,HRV is 26.6% below personal baseline
PATIENT_001,2026-09-25,74.7,75.50666666666666,-1.0683383365707104,37.1,39.516666666666666,-6.115563053563891,6.2,6.930000000000001,-10.533910533910538,6088,5801.533333333334,4.937775070958245,98.1,98.32666666666668,-0.2305241033290463,81.3,80.53999999999999,0.9436304941643968,0,No significant deviations from personal baseline detected
PATIENT_001,2026-09-26,72.8,75.50666666666666,-3.5846724351050643,43.0,39.516666666666666,8.81484605651624,6.0,6.930000000000001,-13.419913419913426,5497,5801.533333333334,-5.249186996541151,98.4,98.32666666666668,0.0745813275476347,80.7,80.53999999999999,0.1986590514030429,0,No significant deviations from personal baseline detected
PATIENT_001,2026-09-27,78.9,75.50666666666666,4.494084407557848,40.4,39.516666666666666,2.2353437368199063,6.2,6.930000000000001,-10.533910533910538,6351,5801.533333333334,9.471059375107725,98.6,98.32666666666668,0.2779849481320696,80.5,80.53999999999999,-0.0496647628507475,0,No significant deviations from personal baseline detected
PATIENT_001,2026-09-28,72.5,75.50666666666666,-3.981988345399957,48.7,39.516666666666666,23.239139603542817,7.0,6.930000000000001,1.0101010101010013,6593,5801.533333333334,13.642370407823211,99.1,98.32666666666668,0.7864939995931856,80.6,80.53999999999999,0.0744971442761389,0,HRV is 23.2% above personal baseline
PATIENT_001,2026-09-29,75.5,75.50666666666666,-0.0088292424509896,55.8,39.516666666666666,41.206242091944326,7.1,6.930000000000001,2.453102453102439,5597,5801.533333333334,-3.525504751617396,98.3,98.32666666666668,-0.027120482744597,81.0,80.53999999999999,0.5711447727837199,0,HRV is 41.2% above personal baseline
PATIENT_001,2026-09-30,74.9,75.50666666666666,-0.8034610630407757,44.4,39.516666666666666,12.357654997891183,7.6,6.930000000000001,9.668109668109654,5380,5801.533333333334,-7.265895223101945,97.0,98.32666666666668,-1.3492440165434958,80.5,80.53999999999999,-0.0496647628507475,0,SpO₂ is 1.3% below personal baseline
PATIENT_001,2026-10-01,75.3,75.50666666666666,-0.2737065159809246,36.5,39.516666666666666,-7.633909742724587,7.4,6.930000000000001,6.782106782106778,6500,5801.533333333334,12.039345920044118,97.5,98.32666666666668,-0.8407349650823798,80.6,80.53999999999999,0.0744971442761389,0,No significant deviations from personal baseline detected
PATIENT_001,2026-10-02,74.0,75.50666666666666,-1.9954087939254728,30.4,39.516666666666666,-23.07043441585829,7.2,6.930000000000001,3.89610389610389,5848,5801.533333333334,0.800937683141231,97.7,98.32666666666668,-0.6373313444979305,80.6,80.53999999999999,0.0744971442761389,0,HRV is 23.1% below personal baseline
PATIENT_002,2026-09-03,77.9,80.21000000000001,-2.879940157087648,63.3,47.99,31.902479683267337,5.7,6.86,-16.909620991253647,7490,6535.733333333334,14.600758904892077,97.1,97.18333333333334,-0.0857485851483548,68.3,68.31666666666666,-0.0243961941937043,0,HRV is 31.9% above personal baseline; Sleep is 16.9% below personal baseline
PATIENT_002,2026-09-04,83.6,80.21000000000001,4.2264056850766565,47.4,47.99,-1.229422796415927,8.1,6.86,18.075801749271125,6352,6535.733333333334,-2.811212207760418,97.5,97.18333333333334,0.3258446235637072,68.1,68.31666666666666,-0.317150524518178,0,No significant deviations from personal baseline detected
PATIENT_002,2026-09-05,75.9,80.21000000000001,-5.373394838548812,47.9,47.99,-0.1875390706397237,6.6,6.86,-3.790087463556861,6997,6535.733333333334,7.057611489656857,95.8,97.18333333333334,-1.4234265134625346,69.4,68.31666666666666,1.58575262259089,0,SpO₂ is 1.4% below personal baseline
PATIENT_002,2026-09-06,77.4,80.21000000000001,-3.503303827452939,59.7,47.99,24.400916857678684,6.2,6.86,-9.620991253644316,7087,6535.733333333334,8.434656656738337,99.5,97.18333333333334,2.3838106671239885,67.9,68.31666666666666,-0.6099048548426307,0,HRV is 24.4% above personal baseline
PATIENT_002,2026-09-07,73.4,80.21000000000001,-8.490213190375268,43.6,47.99,-9.147739112315064,7.1,6.86,3.498542274052468,7488,6535.733333333334,14.570157901179154,98.2,97.18333333333334,1.0461327388098085,68.2,68.31666666666666,-0.1707733593559307,0,No significant deviations from personal baseline detected
PATIENT_002,2026-09-08,73.1,80.21000000000001,-8.864231392594455,44.4,47.99,-7.480725151073147,7.5,6.86,9.329446064139937,7260,6535.733333333334,11.081643477906072,95.9,97.18333333333334,-1.3205282112845118,68.3,68.31666666666666,-0.0243961941937043,0,SpO₂ is 1.3% below personal baseline
PATIENT_002,2026-09-09,82.1,80.21000000000001,2.3563146739807834,62.3,47.99,29.81871223171493,7.1,6.86,3.498542274052468,7104,6535.733333333334,8.694765188298172,96.4,97.18333333333334,-0.8060367003944415,67.9,68.31666666666666,-0.6099048548426307,0,HRV is 29.8% above personal baseline
PATIENT_002,2026-09-10,78.1,80.21000000000001,-2.630594688941545,51.0,47.99,6.27214002917274,7.1,6.86,3.498542274052468,6316,6535.733333333334,-3.36203027459301,96.5,97.18333333333334,-0.7031383982164333,68.0,68.31666666666666,-0.4635276896804043,0,No significant deviations from personal baseline detected
PATIENT_002,2026-09-11,74.5,80.21000000000001,-7.118813115571633,52.0,47.99,8.355907480725147,5.4,6.86,-21.282798833819243,6461,6535.733333333334,-1.1434575054061809,97.6,97.18333333333334,0.4287429257417155,69.1,68.31666666666666,1.1466211271041689,0,Sleep is 21.3% below personal baseline
PATIENT_002,2026-09-12,78.1,80.21000000000001,-2.630594688941545,54.5,47.99,13.565326109606165,6.5,6.86,-5.247813411078721,6050,6535.733333333334,-7.431963768411608,96.8,97.18333333333334,-0.394443491682394,69.1,68.31666666666666,1.1466211271041689,0,No significant deviations from personal baseline detected
PATIENT_002,2026-09-13,80.9,80.21000000000001,0.8602418651040987,50.9,47.99,6.063763284017496,8.8,6.86,28.279883381924204,6762,6535.733333333334,3.4619935533885475,97.7,97.18333333333334,0.5316412279197383,68.5,68.31666666666666,0.2683581361307691,0,No significant deviations from personal baseline detected
PATIENT_002,2026-09-14,77.3,80.21000000000001,-3.627976561526007,63.7,47.99,32.73598666388831,7.7,6.86,12.244897959183673,5395,6535.733333333334,-17.45379248439349,97.0,97.18333333333334,-0.188646887326363,68.6,68.31666666666666,0.4147353012929955,0,HRV is 32.7% above personal baseline
PATIENT_002,2026-09-15,80.3,80.21000000000001,0.1122054606657389,38.0,47.99,-20.816836841008545,5.4,6.86,-21.282798833819243,4888,6535.733333333334,-25.211146925619165,97.2,97.18333333333334,0.017149717029668,68.3,68.31666666666666,-0.0243961941937043,0,HRV is 20.8% below personal baseline; Sleep is 21.3% below personal baseline; Activity is 25.2% below personal baseline
PATIENT_002,2026-09-16,79.0,80.21000000000001,-1.5085400822840145,42.1,47.99,-12.273390289643675,6.1,6.86,-11.07871720116619,4771,6535.733333333334,-27.001305642825084,97.5,97.18333333333334,0.3258446235637072,68.5,68.31666666666666,0.2683581361307691,0,Activity is 27.0% below personal baseline
PATIENT_002,2026-09-17,80.9,80.21000000000001,0.8602418651040987,53.0,47.99,10.439674932277551,6.7,6.86,-2.332361516034988,8144,6535.733333333334,24.6072871190175,97.2,97.18333333333334,0.017149717029668,68.0,68.31666666666666,-0.4635276896804043,0,No significant deviations from personal baseline detected
PATIENT_002,2026-09-18,76.4,80.21000000000001,-4.750031168183521,43.4,47.99,-9.564492602625553,5.5,6.86,-19.825072886297377,6951,6535.733333333334,6.353788404259656,97.4,97.18333333333334,0.2229463213856991,68.2,68.31666666666666,-0.1707733593559307,0,Sleep is 19.8% below personal baseline
PATIENT_002,2026-09-19,75.8,80.21000000000001,-5.49806757262188,50.1,47.99,4.396749322775577,7.8,6.86,13.702623906705533,6833,6535.733333333334,4.548329185197271,96.9,97.18333333333334,-0.2915451895043712,68.1,68.31666666666666,-0.317150524518178,0,No significant deviations from personal baseline detected
PATIENT_002,2026-09-20,77.7,80.21000000000001,-3.129285625233768,38.6,47.99,-19.566576370077097,6.7,6.86,-2.332361516034988,6856,6535.733333333334,4.900240727895871,98.6,97.18333333333334,1.457725947521856,68.8,68.31666666666666,0.7074896316174691,0,No significant deviations from personal baseline detected
PATIENT_002,2026-09-21,81.0,80.21000000000001,0.98491459917715,42.5,47.99,-11.439883309022717,7.2,6.86,4.956268221574342,5655,6535.733333333334,-13.475662001713658,97.5,97.18333333333334,0.3258446235637072,68.6,68.31666666666666,0.4147353012929955,0,No significant deviations from personal baseline detected
PATIENT_002,2026-09-22,75.6,80.21000000000001,-5.747413040768,61.5,47.99,28.15169827047301,7.1,6.86,3.498542274052468,4892,6535.733333333334,-25.14994491819332,97.7,97.18333333333334,0.5316412279197383,68.2,68.31666666666666,-0.1707733593559307,0,HRV is 28.2% above personal baseline; Activity is 25.1% below personal baseline
PATIENT_002,2026-09-23,77.9,80.21000000000001,-2.879940157087648,50.7,47.99,5.647009793707023,7.0,6.86,2.0408163265306074,4755,6535.733333333334,-27.24611367252846,96.5,97.18333333333334,-0.7031383982164333,68.7,68.31666666666666,0.5611124664552427,0,Activity is 27.2% below personal baseline
PATIENT_002,2026-09-24,81.8,80.21000000000001,1.982296471761612,60.8,47.99,26.69306105438632,7.9,6.86,15.160349854227404,4739,6535.733333333334,-27.49092170223184,97.8,97.18333333333334,0.6345395300977466,67.4,68.31666666666666,-1.3417906806538042,0,HRV is 26.7% above personal baseline; Activity is 27.5% below personal baseline
PATIENT_002,2026-09-25,82.8,80.21000000000001,3.229023812492194,49.2,47.99,2.521358616378414,6.1,6.86,-11.07871720116619,8804,6535.733333333334,34.70561834428169,97.7,97.18333333333334,0.5316412279197383,67.4,68.31666666666666,-1.3417906806538042,0,No significant deviations from personal baseline detected
PATIENT_002,2026-09-26,80.8,80.21000000000001,0.7355691310310299,39.8,47.99,-17.06605542821422,6.9,6.86,0.5830903790087468,6329,6535.733333333334,-3.163123750459019,98.1,97.18333333333334,0.943234436631786,67.6,68.31666666666666,-1.0490363503293516,1,No significant deviations from personal baseline detected
PATIENT_002,2026-09-27,82.9,80.21000000000001,3.353696546565263,55.2,47.99,15.023963325692854,6.3,6.86,-8.163265306122454,7005,6535.733333333334,7.180015504508544,97.1,97.18333333333334,-0.0857485851483548,68.0,68.31666666666666,-0.4635276896804043,1,No significant deviations from personal baseline detected
PATIENT_002,2026-09-28,85.9,80.21000000000001,7.093878568757009,40.6,47.99,-15.399041466972283,6.2,6.86,-9.620991253644316,8556,6535.733333333334,30.91109388387939,97.4,97.18333333333334,0.2229463213856991,68.3,68.31666666666666,-0.0243961941937043,1,No significant deviations from personal baseline detected
PATIENT_002,2026-09-29,84.0,80.21000000000001,4.7250966213688965,32.0,47.99,-33.319441550322985,7.5,6.86,9.329446064139937,6648,6535.733333333334,1.7177363417520055,97.0,97.18333333333334,-0.188646887326363,68.3,68.31666666666666,-0.0243961941937043,1,HRV is 33.3% below personal baseline
PATIENT_002,2026-09-30,89.8,80.21000000000001,11.95611519760627,34.1,47.99,-28.94352990206293,7.2,6.86,4.956268221574342,6611,6535.733333333334,1.1516177730629529,97.1,97.18333333333334,-0.0857485851483548,68.7,68.31666666666666,0.5611124664552427,1,Resting HR is 12.0% above personal baseline; HRV is 28.9% below personal baseline
PATIENT_002,2026-10-01,89.6,80.21000000000001,11.706769729460149,26.4,47.99,-44.988539279016464,6.2,6.86,-9.620991253644316,6054,6535.733333333334,-7.370761760985764,95.7,97.18333333333334,-1.526324815640543,68.8,68.31666666666666,0.7074896316174691,1,Resting HR is 11.7% above personal baseline; HRV is 45.0% below personal baseline; SpO₂ is 1.5% below personal baseline
PATIENT_002,2026-10-02,91.8,80.21000000000001,14.449569879067434,41.0,47.99,-14.565534486351329,8.2,6.86,19.533527696792987,6819,6535.733333333334,4.334122159206818,95.1,97.18333333333334,-2.143714628708636,68.2,68.31666666666666,-0.1707733593559307,1,Resting HR is 14.4% above personal baseline; SpO₂ is 2.1% below personal baseline
PATIENT_003,2026-09-03,73.9,76.86999999999999,-3.86366592949133,72.6,60.556666666666665,19.88770848241316,7.0,6.726666666666668,4.063429137760146,4450,4625.266666666666,-3.789331065596213,97.7,98.10666666666664,-0.4145148138080852,70.4,69.94666666666667,0.6481128478841018,0,No significant deviations from personal baseline detected
PATIENT_003,2026-09-04,74.1,76.86999999999999,-3.6034864056198734,63.5,60.556666666666665,4.860461275939894,7.5,6.726666666666668,11.496531219028729,6029,4625.266666666666,30.34924112483605,99.0,98.10666666666664,0.910573525414527,69.6,69.94666666666667,-0.4956157072055063,0,No significant deviations from personal baseline detected
PATIENT_003,2026-09-05,79.5,76.86999999999999,3.421360738909861,54.6,60.556666666666665,-9.83651676116034,6.8,6.726666666666668,1.0901883052527108,6476,4625.266666666666,40.01354876835931,98.6,98.10666666666664,0.5028540364229472,69.9,69.94666666666667,-0.0667174990468931,0,No significant deviations from personal baseline detected
PATIENT_003,2026-09-06,72.6,76.86999999999999,-5.554832834655908,64.1,60.556666666666665,5.851268784059002,6.7,6.726666666666668,-0.3964321110010002,4356,4625.266666666666,-5.821646319491483,97.5,98.10666666666664,-0.618374558303875,70.0,69.94666666666667,0.0762485703392977,0,No significant deviations from personal baseline detected
PATIENT_003,2026-09-07,69.8,76.86999999999999,-9.197346168856503,62.6,60.556666666666665,3.3742500137612206,7.2,6.726666666666668,7.036669970267581,4695,4625.266666666666,1.5076608195563552,98.7,98.10666666666664,0.6047839086708494,70.2,69.94666666666667,0.3621807091116998,0,No significant deviations from personal baseline detected
PATIENT_003,2026-09-08,74.3,76.86999999999999,-3.343306881748398,55.4,60.556666666666665,-8.515440083668189,7.5,6.726666666666668,11.496531219028729,3764,4625.266666666666,-18.620908344023405,97.8,98.10666666666664,-0.3125849415601975,69.6,69.94666666666667,-0.4956157072055063,0,No significant deviations from personal baseline detected
PATIENT_003,2026-09-09,76.3,76.86999999999999,-0.7415116430336844,61.6,60.556666666666665,1.7229041668960257,7.1,6.726666666666668,5.5500495540138575,6415,4625.266666666666,38.69470589083153,98.2,98.10666666666664,0.0951345474313821,69.7,69.94666666666667,-0.3526496378192952,0,No significant deviations from personal baseline detected
PATIENT_003,2026-09-10,72.5,76.86999999999999,-5.684922596591637,65.2,60.556666666666665,7.667749215610731,7.4,6.726666666666668,10.009910802775018,6731,4625.266666666666,45.526744403926266,97.5,98.10666666666664,-0.618374558303875,69.9,69.94666666666667,-0.0667174990468931,0,No significant deviations from personal baseline detected
PATIENT_003,2026-09-11,76.0,76.86999999999999,-1.1317809288408878,59.5,60.556666666666665,-1.7449221115208868,7.1,6.726666666666668,5.5500495540138575,3565,4625.266666666666,-22.92336297726977,98.6,98.10666666666664,0.5028540364229472,70.2,69.94666666666667,0.3621807091116998,0,Activity is 22.9% below personal baseline
PATIENT_003,2026-09-12,79.5,76.86999999999999,3.421360738909861,75.9,60.556666666666665,25.337149777068323,6.9,6.726666666666668,2.576808721506436,5244,4625.266666666666,13.377246717306395,98.0,98.10666666666664,-0.1087251970644077,70.9,69.94666666666667,1.3629431948150967,0,HRV is 25.3% above personal baseline
PATIENT_003,2026-09-13,70.9,76.86999999999999,-7.766358787563401,63.5,60.556666666666665,4.860461275939894,6.2,6.726666666666668,-7.829534192269582,2698,4625.266666666666,-41.66822813819744,96.6,98.10666666666664,-1.535743408534922,69.2,69.94666666666667,-1.0674799847502905,0,Activity is 41.7% below personal baseline; SpO₂ is 1.5% below personal baseline
PATIENT_003,2026-09-14,79.3,76.86999999999999,3.1611812150383853,54.0,60.556666666666665,-10.82732426927946,6.9,6.726666666666668,2.576808721506436,4116,4625.266666666666,-11.010536329436857,98.4,98.10666666666664,0.2989942919271719,69.4,69.94666666666667,-0.7815478459778881,0,No significant deviations from personal baseline detected
PATIENT_003,2026-09-15,80.1,76.86999999999999,4.201899310524268,53.2,60.556666666666665,-12.148400946771613,6.6,6.726666666666668,-1.8830525272547245,5403,4625.266666666666,16.814886348895204,98.0,98.10666666666664,-0.1087251970644077,70.6,69.94666666666667,0.9340449866564836,0,No significant deviations from personal baseline detected
PATIENT_003,2026-09-16,76.5,76.86999999999999,-0.4813321191622093,51.7,60.556666666666665,-14.625419717069404,6.7,6.726666666666668,-0.3964321110010002,4707,4625.266666666666,1.767105320053624,98.5,98.10666666666664,0.4009241641750595,70.1,69.94666666666667,0.2192146397254886,0,No significant deviations from personal baseline detected
PATIENT_003,2026-09-17,75.8,76.86999999999999,-1.3919604527123628,66.2,60.556666666666665,9.319095062475926,6.7,6.726666666666668,-0.3964321110010002,5144,4625.266666666666,11.21520921316249,98.1,98.10666666666664,-0.00679532481652,70.7,69.94666666666667,1.0770110560426946,0,No significant deviations from personal baseline detected
PATIENT_003,2026-09-18,75.8,76.86999999999999,-1.3919604527123628,57.7,60.556666666666665,-4.717344635878233,6.4,6.726666666666668,-4.856293359762147,5966,4625.266666666666,28.98715749722539,97.6,98.10666666666664,-0.5164446860559874,70.1,69.94666666666667,0.2192146397254886,0,No significant deviations from personal baseline detected
PATIENT_003,2026-09-19,70.4,76.86999999999999,-8.416807597242078,67.4,60.556666666666665,11.300710078714165,6.2,6.726666666666668,-7.829534192269582,4503,4625.266666666666,-2.643451188399943,98.7,98.10666666666664,0.6047839086708494,69.2,69.94666666666667,-1.0674799847502905,0,No significant deviations from personal baseline detected
PATIENT_003,2026-09-20,75.9,76.86999999999999,-1.2618706907766162,60.6,60.556666666666665,0.0715583200308304,6.4,6.726666666666668,-4.856293359762147,6623,4625.266666666666,43.19174389945085,99.0,98.10666666666664,0.910573525414527,68.9,69.94666666666667,-1.496378192908883,0,No significant deviations from personal baseline detected
PATIENT_003,2026-09-21,71.8,76.86999999999999,-6.59555093014179,65.8,60.556666666666665,8.658556723729838,6.3,6.726666666666668,-6.342913776015871,4891,4625.266666666666,5.74525432767841,98.1,98.10666666666664,-0.00679532481652,70.3,69.94666666666667,0.5051467784978907,0,No significant deviations from personal baseline detected
PATIENT_003,2026-09-22,75.5,76.86999999999999,-1.782229738519566,60.8,60.556666666666665,0.4018274894038624,6.6,6.726666666666668,-1.8830525272547245,6572,4625.266666666666,42.08910477233746,97.6,98.10666666666664,-0.5164446860559874,70.1,69.94666666666667,0.2192146397254886,0,No significant deviations from personal baseline detected
PATIENT_003,2026-09-23,74.6,76.86999999999999,-2.9530375959411947,60.9,60.556666666666665,0.5669620740903842,6.9,6.726666666666668,2.576808721506436,5117,4625.266666666666,10.631459087043636,97.3,98.10666666666664,-0.8222343027996648,70.3,69.94666666666667,0.5051467784978907,0,No significant deviations from personal baseline detected
PATIENT_003,2026-09-24,80.4,76.86999999999999,4.592168596331489,61.8,60.556666666666665,2.0531733362690576,7.5,6.726666666666668,11.496531219028729,6118,4625.266666666666,32.27345450352413,98.6,98.10666666666664,0.5028540364229472,70.1,69.94666666666667,0.2192146397254886,0,No significant deviations from personal baseline detected
PATIENT_003,2026-09-25,76.8,76.86999999999999,-0.091062833355006,66.2,60.556666666666665,9.319095062475926,7.1,6.726666666666668,5.5500495540138575,4306,4625.266666666666,-6.902665071563437,98.0,98.10666666666664,-0.1087251970644077,69.0,69.94666666666667,-1.3534121235226924,0,No significant deviations from personal baseline detected
PATIENT_003,2026-09-26,77.3,76.86999999999999,0.5593859763236723,63.0,60.556666666666665,4.034788352507297,7.5,6.726666666666668,11.496531219028729,4831,4625.266666666666,4.448031825192066,98.6,98.10666666666664,0.5028540364229472,69.9,69.94666666666667,-0.0667174990468931,1,No significant deviations from personal baseline detected
PATIENT_003,2026-09-27,75.5,76.86999999999999,-1.782229738519566,50.2,60.556666666666665,-17.1024384873672,6.0,6.726666666666668,-10.802775024777016,2714,4625.266666666666,-41.322302137534415,98.4,98.10666666666664,0.2989942919271719,69.8,69.94666666666667,-0.2096835684331043,1,Activity is 41.3% below personal baseline
PATIENT_003,2026-09-28,81.4,76.86999999999999,5.893066215688847,60.6,60.556666666666665,0.0715583200308304,6.9,6.726666666666668,2.576808721506436,4540,4625.266666666666,-1.843497311866698,97.5,98.10666666666664,-0.618374558303875,69.8,69.94666666666667,-0.2096835684331043,1,No significant deviations from personal baseline detected
PATIENT_003,2026-09-29,79.3,76.86999999999999,3.1611812150383853,48.8,60.556666666666665,-19.41432267297848,6.5,6.726666666666668,-3.369672943508436,4069,4625.266666666666,-12.026693956384491,98.0,98.10666666666664,-0.1087251970644077,69.7,69.94666666666667,-0.3526496378192952,1,No significant deviations from personal baseline detected
PATIENT_003,2026-09-30,85.4,76.86999999999999,11.096656693118272,43.7,60.556666666666665,-27.836186491990965,5.9,6.726666666666668,-12.28939544103073,2423,4625.266666666666,-47.61383127459317,97.6,98.10666666666664,-0.5164446860559874,70.6,69.94666666666667,0.9340449866564836,1,Resting HR is 11.1% above personal baseline; HRV is 27.8% below personal baseline; Activity is 47.6% below personal baseline
PATIENT_003,2026-10-01,86.2,76.86999999999999,12.137374788604156,58.3,60.556666666666665,-3.7265371277591255,5.5,6.726666666666668,-18.2358771060456,1292,4625.266666666666,-72.06647544646074,97.6,98.10666666666664,-0.5164446860559874,69.3,69.94666666666667,-0.9245139153640992,1,Resting HR is 12.1% above personal baseline; Sleep is 18.2% below personal baseline; Activity is 72.1% below personal baseline
PATIENT_003,2026-10-02,88.7,76.86999999999999,15.389618836997546,67.3,60.556666666666665,11.135575494027632,5.8,6.726666666666668,-13.776015857284452,1000,4625.266666666666,-78.37962495856094,99.4,98.10666666666664,1.3182930144061067,70.9,69.94666666666667,1.3629431948150967,1,Resting HR is 15.4% above personal baseline; Activity is 78.4% below personal baseline
PATIENT_004,2026-09-03,80.0,76.47333333333333,4.61162932612676,39.9,49.15,-18.819938962360123,8.3,7.073333333333333,17.342130065975507,8049,6230.966666666666,29.17738820621734,96.7,97.53666666666666,-0.857797067769378,69.5,70.17666666666668,-0.9642331259203102,0,No significant deviations from personal baseline detected
PATIENT_004,2026-09-04,75.9,76.47333333333333,-0.7497166768372289,43.2,49.15,-12.105798575788397,7.0,7.073333333333333,-1.0367577756833164,3901,6230.966666666666,-37.39334185706873,97.4,97.53666666666666,-0.1401182461296497,71.1,70.17666666666668,1.315726974777919,0,Activity is 37.4% below personal baseline
PATIENT_004,2026-09-05,73.4,76.47333333333333,-4.01883009327869,48.5,49.15,-1.322482197355033,6.2,7.073333333333333,-12.346842601319509,7121,6230.966666666666,14.284032975086806,97.4,97.53666666666666,-0.1401182461296497,71.2,70.17666666666668,1.458224481071571,0,No significant deviations from personal baseline detected
PATIENT_004,2026-09-06,77.4,76.47333333333333,1.211751373027648,47.8,49.15,-2.746693794506615,7.5,7.073333333333333,6.032045240339304,5976,6230.966666666666,-4.091927951254213,96.6,97.53666666666666,-0.9603226137179188,70.4,70.17666666666668,0.3182444307224564,0,No significant deviations from personal baseline detected
PATIENT_004,2026-09-07,76.2,76.47333333333333,-0.3574230668642572,51.6,49.15,4.984740590030524,7.4,7.073333333333333,4.618284637134785,5972,6230.966666666666,-4.156123447940121,97.8,97.53666666666666,0.2699839376644702,71.1,70.17666666666668,1.315726974777919,0,No significant deviations from personal baseline detected
PATIENT_004,2026-09-08,73.4,76.47333333333333,-4.01883009327869,62.6,49.15,27.36520854526959,7.0,7.073333333333333,-1.0367577756833164,5716,6230.966666666666,-8.264635235838199,99.2,97.53666666666666,1.7053415809439263,70.3,70.17666666666668,0.1757469244288043,0,HRV is 27.4% above personal baseline
PATIENT_004,2026-09-09,80.9,76.47333333333333,5.788510156045694,56.1,49.15,14.140386571719231,6.1,7.073333333333333,-13.760603204524038,6603,6230.966666666666,5.970716154261786,97.2,97.53666666666666,-0.345169338026717,69.6,70.17666666666668,-0.8217356196266786,0,No significant deviations from personal baseline detected
PATIENT_004,2026-09-10,71.4,76.47333333333333,-6.634120826431859,51.1,49.15,3.967446592065112,7.5,7.073333333333333,6.032045240339304,6873,6230.966666666666,10.30391218056054,97.3,97.53666666666666,-0.2426437920781907,69.8,70.17666666666668,-0.5367406070393949,0,No significant deviations from personal baseline detected
PATIENT_004,2026-09-11,73.8,76.47333333333333,-3.495771946648067,46.5,49.15,-5.391658189216681,6.5,7.073333333333333,-8.105560791705937,6279,6230.966666666666,0.7708809227032792,97.5,97.53666666666666,-0.0375927001811234,69.8,70.17666666666668,-0.5367406070393949,0,No significant deviations from personal baseline detected
PATIENT_004,2026-09-12,76.0,76.47333333333333,-0.6189521401795779,45.1,49.15,-8.240081383519831,7.1,7.073333333333333,0.3770028275212025,6989,6230.966666666666,12.16558158445186,97.6,97.53666666666666,0.0649328457674029,70.5,70.17666666666668,0.460741937016088,0,No significant deviations from personal baseline detected
PATIENT_004,2026-09-13,71.8,76.47333333333333,-6.111062679801236,47.8,49.15,-2.746693794506615,7.3,7.073333333333333,3.204524033930253,7123,6230.966666666666,14.31613072342976,96.4,97.53666666666666,-1.1653737056149716,70.3,70.17666666666668,0.1757469244288043,0,SpO₂ is 1.2% below personal baseline
PATIENT_004,2026-09-14,80.4,76.47333333333333,5.134687472757402,49.2,49.15,0.1017293997965498,7.1,7.073333333333333,0.3770028275212025,6933,6230.966666666666,11.266844630849151,97.7,97.53666666666666,0.1674583917159438,70.6,70.17666666666668,0.6032394433097199,0,No significant deviations from personal baseline detected
PATIENT_004,2026-09-15,77.0,76.47333333333333,0.6886932263970067,51.5,49.15,4.78128179043744,6.7,7.073333333333333,-5.278039585296886,6312,6230.966666666666,1.300493770362016,98.4,97.53666666666666,0.8851372133556721,70.1,70.17666666666668,-0.1092480881584793,0,No significant deviations from personal baseline detected
PATIENT_004,2026-09-16,76.2,76.47333333333333,-0.3574230668642572,47.0,49.15,-4.374364191251269,7.6,7.073333333333333,7.445805843543823,5628,6230.966666666666,-9.676936162928165,98.2,97.53666666666666,0.6800861214586048,69.8,70.17666666666668,-0.5367406070393949,0,No significant deviations from personal baseline detected
PATIENT_004,2026-09-17,73.6,76.47333333333333,-3.757301019963388,51.9,49.15,5.595116988809766,7.2,7.073333333333333,1.790763430725734,6780,6230.966666666666,8.811366882613193,98.3,97.53666666666666,0.7826116674071312,70.0,70.17666666666668,-0.2517455944521111,0,No significant deviations from personal baseline detected
PATIENT_004,2026-09-18,78.1,76.47333333333333,2.127103129631242,44.0,49.15,-10.47812817904374,7.9,7.073333333333333,11.687087653157404,7115,6230.966666666666,14.187739730057944,97.9,97.53666666666666,0.3725094836130111,70.3,70.17666666666668,0.1757469244288043,0,No significant deviations from personal baseline detected
PATIENT_004,2026-09-19,74.4,76.47333333333333,-2.7111847267021054,48.1,49.15,-2.13631739572736,7.4,7.073333333333333,4.618284637134785,6463,6230.966666666666,3.723873770255024,97.6,97.53666666666666,0.0649328457674029,69.6,70.17666666666668,-0.8217356196266786,0,No significant deviations from personal baseline detected
PATIENT_004,2026-09-20,77.3,76.47333333333333,1.0809868363699782,45.6,49.15,-7.222787385554421,6.5,7.073333333333333,-8.105560791705937,6328,6230.966666666666,1.557275757105646,96.2,97.53666666666666,-1.3704247975120387,70.6,70.17666666666668,0.6032394433097199,0,SpO₂ is 1.4% below personal baseline
PATIENT_004,2026-09-21,79.3,76.47333333333333,3.696277569523147,50.0,49.15,1.7293997965412031,6.5,7.073333333333333,-8.105560791705937,5537,6230.966666666666,-11.13738371253256,97.4,97.53666666666666,-0.1401182461296497,69.0,70.17666666666668,-1.6767206573885096,0,No significant deviations from personal baseline detected
PATIENT_004,2026-09-22,77.3,76.47333333333333,1.0809868363699782,55.1,49.15,12.105798575788407,7.0,7.073333333333333,-1.0367577756833164,5988,6230.966666666666,-3.8993414611964905,97.6,97.53666666666666,0.0649328457674029,70.4,70.17666666666668,0.3182444307224564,0,No significant deviations from personal baseline detected
PATIENT_004,2026-09-23,80.0,76.47333333333333,4.61162932612676,50.5,49.15,2.746693794506615,6.7,7.073333333333333,-5.278039585296886,6021,6230.966666666666,-3.3697286135377533,97.6,97.53666666666666,0.0649328457674029,71.0,70.17666666666668,1.1732294684842872,0,No significant deviations from personal baseline detected
PATIENT_004,2026-09-24,75.8,76.47333333333333,-0.8804812134948985,43.0,49.15,-12.512716174974564,6.6,7.073333333333333,-6.691800188501418,4386,6230.966666666666,-29.60963788390244,97.7,97.53666666666666,0.1674583917159438,69.6,70.17666666666668,-0.8217356196266786,0,Activity is 29.6% below personal baseline
PATIENT_004,2026-09-25,73.0,76.47333333333333,-4.541888239909332,36.6,49.15,-25.53407934893184,6.5,7.073333333333333,-8.105560791705937,7051,6230.966666666666,13.160611783083423,96.6,97.53666666666666,-0.9603226137179188,69.4,70.17666666666668,-1.106730632213942,0,HRV is 25.5% below personal baseline
PATIENT_004,2026-09-26,77.3,76.47333333333333,1.0809868363699782,48.0,49.15,-2.339776195320445,7.4,7.073333333333333,4.618284637134785,7223,6230.966666666666,15.921018140577448,97.5,97.53666666666666,-0.0375927001811234,69.6,70.17666666666668,-0.8217356196266786,0,No significant deviations from personal baseline detected
PATIENT_004,2026-09-27,76.4,76.47333333333333,-0.0958939935489366,53.9,49.15,9.664292980671414,6.8,7.073333333333333,-3.864278982092367,5045,6230.966666666666,-19.03342980489918,98.3,97.53666666666666,0.7826116674071312,70.0,70.17666666666668,-0.2517455944521111,0,No significant deviations from personal baseline detected
PATIENT_004,2026-09-28,75.5,76.47333333333333,-1.27277482346787,50.5,49.15,2.746693794506615,7.8,7.073333333333333,10.273327049952874,6746,6230.966666666666,8.265705160782979,97.3,97.53666666666666,-0.2426437920781907,70.6,70.17666666666668,0.6032394433097199,0,No significant deviations from personal baseline detected
PATIENT_004,2026-09-29,83.2,76.47333333333333,8.796094499171835,60.1,49.15,22.27873855544253,7.5,7.073333333333333,6.032045240339304,5360,6230.966666666666,-13.978034440883963,100.0,97.53666666666666,2.525545948532181,69.6,70.17666666666668,-0.8217356196266786,0,HRV is 22.3% above personal baseline
PATIENT_004,2026-09-30,75.6,76.47333333333333,-1.142010286810219,45.5,49.15,-7.426246185147504,8.1,7.073333333333333,14.514608859566444,6903,6230.966666666666,10.785378405704847,96.5,97.53666666666666,-1.0628481596664452,70.4,70.17666666666668,0.3182444307224564,0,SpO₂ is 1.1% below personal baseline
PATIENT_004,2026-10-01,78.4,76.47333333333333,2.5193967396042325,48.2,49.15,-1.932858596134274,6.4,7.073333333333333,-9.519321394910456,5757,6230.966666666666,-7.606631394807647,97.2,97.53666666666666,-0.345169338026717,70.2,70.17666666666668,0.0332494181351726,0,No significant deviations from personal baseline detected
PATIENT_004,2026-10-02,75.2,76.47333333333333,-1.6650684334408417,55.6,49.15,13.123092573753825,6.6,7.073333333333333,-6.691800188501418,4751,6230.966666666666,-23.75179881131338,97.0,97.53666666666666,-0.5502204299237843,70.9,70.17666666666668,1.0307319621906557,0,Activity is 23.8% below personal baseline
PATIENT_005,2026-09-03,65.8,69.99333333333334,-5.991046766358713,85.0,68.91333333333334,23.34332978620488,7.1,7.736666666666666,-8.229211546747091,7881,6688.433333333333,17.830284122340558,98.4,97.1,1.3388259526261703,69.4,69.79333333333334,-0.5635686311968634,0,HRV is 23.3% above personal baseline
PATIENT_005,2026-09-04,66.3,69.99333333333334,-5.276693018382715,66.4,68.91333333333334,-3.647092967011708,7.9,7.736666666666666,2.111158983196906,8076,6688.433333333333,20.74576507702352,97.4,97.1,0.3089598352214329,68.7,69.79333333333334,-1.5665297545133257,0,No significant deviations from personal baseline detected
PATIENT_005,2026-09-05,69.5,69.99333333333334,-0.7048290313363264,63.6,68.91333333333334,-7.710167359969051,6.4,7.736666666666666,-17.277035760448076,6503,6688.433333333333,-2.772447957419028,96.4,97.1,-0.7209062821833044,69.7,69.79333333333334,-0.1337281497755282,0,Sleep is 17.3% below personal baseline
PATIENT_005,2026-09-06,75.2,69.99333333333334,7.438803695590051,81.4,68.91333333333334,18.119376995259746,7.4,7.736666666666666,-4.351572598018088,6733,6688.433333333333,0.6663244506685662,97.8,97.1,0.7209062821833191,70.0,69.79333333333334,0.2961123316458068,0,No significant deviations from personal baseline detected
PATIENT_005,2026-09-07,68.1,69.99333333333334,-2.705019525669128,67.4,68.91333333333334,-2.1959949695269447,9.0,7.736666666666666,16.329168461869887,7093,6688.433333333333,6.0487508285448,97.0,97.1,-0.1029866117404678,69.5,69.79333333333334,-0.4202884707230918,0,No significant deviations from personal baseline detected
PATIENT_005,2026-09-08,71.1,69.99333333333334,1.5811029621868582,61.2,68.91333333333334,-11.192802553932482,7.6,7.736666666666666,-1.766479965532099,6034,6688.433333333333,-9.784553433041122,97.2,97.1,0.1029866117404825,70.4,69.79333333333334,0.8692329735409338,0,No significant deviations from personal baseline detected
PATIENT_005,2026-09-09,71.5,69.99333333333334,2.1525859605676643,67.7,68.91333333333334,-1.7606655702815202,7.2,7.736666666666666,-6.936665230504087,6889,6688.433333333333,2.998709214414934,98.1,97.1,1.0298661174047374,69.2,69.79333333333334,-0.8501289521444269,0,No significant deviations from personal baseline detected
PATIENT_005,2026-09-10,73.7,69.99333333333334,5.295742451662059,58.7,68.91333333333334,-14.820547547644388,7.5,7.736666666666666,-3.059026281775093,8943,6688.433333333333,33.70844193707544,96.0,97.1,-1.1328527291452053,70.0,69.79333333333334,0.2961123316458068,0,SpO₂ is 1.1% below personal baseline
PATIENT_005,2026-09-11,63.8,69.99333333333334,-8.848461758262703,67.7,68.91333333333334,-1.7606655702815202,7.6,7.736666666666666,-1.766479965532099,8025,6688.433333333333,19.98325467349105,95.2,97.1,-1.956745623068992,68.5,69.79333333333334,-1.8530900754608888,0,SpO₂ is 2.0% below personal baseline
PATIENT_005,2026-09-12,67.6,69.99333333333334,-3.419373273645126,68.6,68.91333333333334,-0.4546773725452454,7.2,7.736666666666666,-6.936665230504087,6980,6688.433333333333,4.359266993266982,96.5,97.1,-0.6179196704428366,69.2,69.79333333333334,-0.8501289521444269,0,No significant deviations from personal baseline detected
PATIENT_005,2026-09-13,66.8,69.99333333333334,-4.562339270406718,70.1,68.91333333333334,1.7219696236818995,8.1,7.736666666666666,4.696251615682895,8633,6688.433333333333,29.073574778348693,96.9,97.1,-0.2059732234809357,69.3,69.79333333333334,-0.7068487916706554,0,No significant deviations from personal baseline detected
PATIENT_005,2026-09-14,69.5,69.99333333333334,-0.7048290313363264,66.3,68.91333333333334,-3.792202766760197,7.7,7.736666666666666,-0.4739336492890932,5638,6688.433333333333,-15.705222448704978,97.6,97.1,0.5149330587023687,69.0,69.79333333333334,-1.1366892730919904,0,No significant deviations from personal baseline detected
PATIENT_005,2026-09-15,66.5,69.99333333333334,-4.990951519192312,57.2,68.91333333333334,-16.997194543871537,8.4,7.736666666666666,8.573890564411899,7060,6688.433333333333,5.555361743906145,98.2,97.1,1.13285272914522,69.6,69.79333333333334,-0.2770083102493202,0,No significant deviations from personal baseline detected
PATIENT_005,2026-09-16,64.2,69.99333333333334,-8.276978759881898,60.8,68.91333333333334,-11.773241752926394,8.2,7.736666666666666,5.988797931925889,6435,6688.433333333333,-3.789128495462316,96.6,97.1,-0.5149330587023687,69.3,69.79333333333334,-0.7068487916706554,0,No significant deviations from personal baseline detected
PATIENT_005,2026-09-17,68.8,69.99333333333334,-1.7049242785027272,61.3,68.91333333333334,-11.047692754184013,7.5,7.736666666666666,-3.059026281775093,6722,6688.433333333333,0.5018614224556812,95.6,97.1,-1.544799176107106,69.7,69.79333333333334,-0.1337281497755282,0,SpO₂ is 1.5% below personal baseline
PATIENT_005,2026-09-18,66.9,69.99333333333334,-4.419468520811506,77.5,68.91333333333334,12.460094805069156,7.0,7.736666666666666,-9.521757862990086,5621,6688.433333333333,-15.9593925832158,98.2,97.1,1.13285272914522,68.6,69.79333333333334,-1.709809914987117,0,No significant deviations from personal baseline detected
PATIENT_005,2026-09-19,67.4,69.99333333333334,-3.705114772835509,72.5,68.91333333333334,5.20460481764534,7.5,7.736666666666666,-3.059026281775093,5545,6688.433333333333,-17.095682596323005,97.5,97.1,0.4119464469619008,69.3,69.79333333333334,-0.7068487916706554,0,No significant deviations from personal baseline detected
PATIENT_005,2026-09-20,73.2,69.99333333333334,4.58138870368606,72.5,68.91333333333334,5.20460481764534,9.5,7.736666666666666,22.79190004308488,5554,6688.433333333333,-16.9611219368761,97.3,97.1,0.2059732234809504,68.9,69.79333333333334,-1.279969433565762,0,No significant deviations from personal baseline detected
PATIENT_005,2026-09-21,72.8,69.99333333333334,4.009905705305254,74.1,68.91333333333334,7.526361613620954,8.2,7.736666666666666,5.988797931925889,6423,6688.433333333333,-3.968542708058191,96.8,97.1,-0.3089598352214183,68.4,69.79333333333334,-1.996370235934661,0,No significant deviations from personal baseline detected
PATIENT_005,2026-09-22,74.5,69.99333333333334,6.438708448423649,71.9,68.91333333333334,4.3339460191544905,7.6,7.736666666666666,-1.766479965532099,8134,6688.433333333333,21.61293377123691,97.9,97.1,0.8238928939238017,69.9,69.79333333333334,0.1528321711720352,0,No significant deviations from personal baseline detected
PATIENT_005,2026-09-23,64.5,69.99333333333334,-7.848366511096303,63.4,68.91333333333334,-8.00038695946601,7.8,7.736666666666666,0.8186126669539009,7556,6688.433333333333,12.971149197868955,98.0,97.1,0.9268795056642696,68.9,69.79333333333334,-1.279969433565762,0,No significant deviations from personal baseline detected
PATIENT_005,2026-09-24,69.7,69.99333333333334,-0.4190875321459232,83.8,68.91333333333334,21.60201218922316,8.1,7.736666666666666,4.696251615682895,8071,6688.433333333333,20.671009155108568,97.4,97.1,0.3089598352214329,69.8,69.79333333333334,0.0095520106982432,0,HRV is 21.6% above personal baseline
PATIENT_005,2026-09-25,74.7,69.99333333333334,6.724449947614053,69.1,68.91333333333334,0.2708716261971363,8.5,7.736666666666666,9.866436880654897,6325,6688.433333333333,-5.433758777591166,97.8,97.1,0.7209062821833191,69.9,69.79333333333334,0.1528321711720352,0,No significant deviations from personal baseline detected
PATIENT_005,2026-09-26,68.1,69.99333333333334,-2.705019525669128,76.0,68.91333333333334,10.283447808842013,7.3,7.736666666666666,-5.644118914261092,6095,6688.433333333333,-8.87253118567876,97.4,97.1,0.3089598352214329,70.9,69.79333333333334,1.5856337759098325,1,No significant deviations from personal baseline detected
PATIENT_005,2026-09-27,72.3,69.99333333333334,3.295551957329256,74.9,68.91333333333334,8.687240011608779,7.3,7.736666666666666,-5.644118914261092,6678,6688.433333333333,-0.1559906903958584,96.5,97.1,-0.6179196704428366,70.0,69.79333333333334,0.2961123316458068,1,No significant deviations from personal baseline detected
PATIENT_005,2026-09-28,74.8,69.99333333333334,6.867320697209244,68.1,68.91333333333334,-1.180226371287627,8.6,7.736666666666666,11.15898319689789,6098,6688.433333333333,-8.827677632529792,97.2,97.1,0.1029866117404825,71.4,69.79333333333334,2.302034578278731,1,No significant deviations from personal baseline detected
PATIENT_005,2026-09-29,71.4,69.99333333333334,2.0097152109724727,57.7,68.91333333333334,-16.271645545129154,8.5,7.736666666666666,9.866436880654897,6415,6688.433333333333,-4.088152183122108,95.8,97.1,-1.338825952626156,71.3,69.79333333333334,2.158754417804939,1,SpO₂ is 1.3% below personal baseline
PATIENT_005,2026-09-30,73.1,69.99333333333334,4.438517954090849,80.6,68.91333333333334,16.958498597271916,7.3,7.736666666666666,-5.644118914261092,5120,6688.433333333333,-23.44993595909356,96.7,97.1,-0.4119464469618862,71.2,69.79333333333334,2.015474257331168,1,Activity is 23.4% below personal baseline
PATIENT_005,2026-10-01,73.2,69.99333333333334,4.58138870368606,58.3,68.91333333333334,-15.400986746638305,7.1,7.736666666666666,-8.229211546747091,3794,6688.433333333333,-43.27520645093769,96.3,97.1,-0.8238928939237871,71.4,69.79333333333334,2.302034578278731,1,Activity is 43.3% below personal baseline
PATIENT_005,2026-10-02,74.8,69.99333333333334,6.867320697209244,63.6,68.91333333333334,-7.710167359969051,7.0,7.736666666666666,-9.521757862990086,5579,6688.433333333333,-16.587342327301364,97.3,97.1,0.2059732234809504,72.4,69.79333333333334,3.734836183016528,1,Weight is 3.7% above personal baseline
PATIENT_006,2026-09-03,62.9,68.92333333333333,-8.739178797697926,59.4,60.40333333333333,-1.6610562330997138,7.0,6.816666666666666,2.689486552567241,4854,5275.166666666667,-7.983949954187866,98.0,97.82,0.1840114496013155,88.6,89.23,-0.7060405693152635,0,No significant deviations from personal baseline detected
PATIENT_006,2026-09-04,71.2,68.92333333333333,3.303187116119366,51.5,60.40333333333333,-14.739804646542678,6.6,6.816666666666666,-3.178484107579464,5948,5275.166666666667,12.754731288110952,98.0,97.82,0.1840114496013155,89.1,89.23,-0.145690911128555,0,No significant deviations from personal baseline detected
PATIENT_006,2026-09-05,75.2,68.92333333333333,9.1067369541036,59.5,60.40333333333333,-1.4955024557143572,6.5,6.816666666666666,-4.645476772616133,2769,5275.166666666667,-47.50876749549778,98.9,97.82,1.104068697607864,89.0,89.23,-0.2577608427658903,0,Activity is 47.5% below personal baseline
PATIENT_006,2026-09-06,65.9,68.92333333333333,-4.38651641920974,71.7,60.40333333333333,18.70205838529884,7.5,6.816666666666666,10.024449877750614,5637,5275.166666666667,6.859182964203336,96.6,97.82,-1.2471887139644235,89.4,89.23,0.1905188837834828,0,SpO₂ is 1.2% below personal baseline
PATIENT_006,2026-09-07,67.6,68.92333333333333,-1.9200077380664569,54.2,60.40333333333333,-10.269852657138117,7.4,6.816666666666666,8.557457212713945,3396,5275.166666666667,-35.62288711257149,98.0,97.82,0.1840114496013155,89.4,89.23,0.1905188837834828,0,Activity is 35.6% below personal baseline
PATIENT_006,2026-09-08,75.6,68.92333333333333,9.68709193790201,64.7,60.40333333333333,7.113293968324057,5.5,6.816666666666666,-19.31540342298288,4693,5275.166666666667,-11.035986224763835,97.7,97.82,-0.1226742997341958,89.3,89.23,0.0784489521461315,0,Sleep is 19.3% below personal baseline
PATIENT_006,2026-09-09,72.4,68.92333333333333,5.04425206751464,48.7,60.40333333333333,-19.375310413332585,6.6,6.816666666666666,-3.178484107579464,6499,5275.166666666667,23.199898897349208,98.7,97.82,0.8996115313841849,90.1,89.23,0.975008405244862,0,No significant deviations from personal baseline detected
PATIENT_006,2026-09-10,68.3,68.92333333333333,-0.904386516419212,70.1,60.40333333333333,16.05319794713316,7.8,6.816666666666666,14.425427872860638,6727,5275.166666666667,27.52203721841332,98.1,97.82,0.2862400327131478,89.6,89.23,0.4146587470581535,0,No significant deviations from personal baseline detected
PATIENT_006,2026-09-11,67.1,68.92333333333333,-2.6454514678144863,52.3,60.40333333333333,-13.41537442745985,7.4,6.816666666666666,8.557457212713945,5182,5275.166666666667,-1.7661369309026629,97.6,97.82,-0.2249028828460426,88.9,89.23,-0.3698307744032257,0,No significant deviations from personal baseline detected
PATIENT_006,2026-09-12,68.2,68.92333333333333,-1.0494752623688095,64.1,60.40333333333333,6.119971304011918,6.2,6.816666666666666,-9.046454767726155,5597,5275.166666666667,6.100913083314897,97.8,97.82,-0.0204457166223635,89.1,89.23,-0.145690911128555,0,No significant deviations from personal baseline detected
PATIENT_006,2026-09-13,67.2,68.92333333333333,-2.500362721864868,67.9,60.40333333333333,12.411014844655387,7.9,6.816666666666666,15.89242053789732,4927,5275.166666666667,-6.600107421566465,98.5,97.82,0.6951543651605059,89.6,89.23,0.4146587470581535,0,No significant deviations from personal baseline detected
PATIENT_006,2026-09-14,61.5,68.92333333333333,-10.770421240992404,57.1,60.40333333333333,-5.468793112962851,6.4,6.816666666666666,-6.112469437652803,6310,5275.166666666667,19.61707371015133,97.8,97.82,-0.0204457166223635,89.4,89.23,0.1905188837834828,0,Resting HR is 10.8% below personal baseline
PATIENT_006,2026-09-15,71.3,68.92333333333333,3.4482758620689635,56.1,60.40333333333333,-7.124330886816392,6.3,6.816666666666666,-7.579462102689486,4306,5275.166666666667,-18.372247322359488,97.5,97.82,-0.3271314659578749,89.1,89.23,-0.145690911128555,0,No significant deviations from personal baseline detected
PATIENT_006,2026-09-16,69.9,68.92333333333333,1.417033418774494,57.3,60.40333333333333,-5.137685558192151,7.3,6.816666666666666,7.090464547677263,6446,5275.166666666667,22.195191305172028,98.7,97.82,0.8996115313841849,89.5,89.23,0.3025888154208181,0,No significant deviations from personal baseline detected
PATIENT_006,2026-09-17,70.0,68.92333333333333,1.5621221647240917,67.1,60.40333333333333,11.08658462557254,7.1,6.816666666666666,4.15647921760391,4877,5275.166666666667,-7.547944772677013,98.5,97.82,0.6951543651605059,90.0,89.23,0.8629384736075265,0,No significant deviations from personal baseline detected
PATIENT_006,2026-09-18,75.4,68.92333333333333,9.396914446002816,62.7,60.40333333333333,3.802218420616976,7.0,6.816666666666666,2.689486552567241,5945,5275.166666666667,12.69786104704432,97.6,97.82,-0.2249028828460426,89.5,89.23,0.3025888154208181,0,No significant deviations from personal baseline detected
PATIENT_006,2026-09-19,69.1,68.92333333333333,0.2563234511776306,61.1,60.40333333333333,1.1533579824513094,7.8,6.816666666666666,14.425427872860638,5693,5275.166666666667,7.920760797447151,97.7,97.82,-0.1226742997341958,89.6,89.23,0.4146587470581535,0,No significant deviations from personal baseline detected
PATIENT_006,2026-09-20,69.9,68.92333333333333,1.417033418774494,64.5,60.40333333333333,6.782186413553344,6.7,6.816666666666666,-1.7114914425427812,4308,5275.166666666667,-18.334333828315067,97.6,97.82,-0.2249028828460426,88.6,89.23,-0.7060405693152635,0,No significant deviations from personal baseline detected
PATIENT_006,2026-09-21,70.1,68.92333333333333,1.7072109106736892,54.2,60.40333333333333,-10.269852657138117,7.3,6.816666666666666,7.090464547677263,6278,5275.166666666667,19.010457805440577,97.8,97.82,-0.0204457166223635,89.1,89.23,-0.145690911128555,0,No significant deviations from personal baseline detected
PATIENT_006,2026-09-22,70.7,68.92333333333333,2.5777433863713366,48.7,60.40333333333333,-19.375310413332585,6.1,6.816666666666666,-10.513447432762838,5380,5275.166666666667,1.9872989794951128,97.9,97.82,0.0817828664894832,89.1,89.23,-0.145690911128555,0,No significant deviations from personal baseline detected
PATIENT_006,2026-09-23,66.4,68.92333333333333,-3.661072689461711,63.4,60.40333333333333,4.961094862314447,6.5,6.816666666666666,-4.645476772616133,4460,5275.166666666667,-15.452908280938995,97.8,97.82,-0.0204457166223635,89.0,89.23,-0.2577608427658903,0,No significant deviations from personal baseline detected
PATIENT_006,2026-09-24,73.0,68.92333333333333,5.914784543212267,67.1,60.40333333333333,11.08658462557254,7.2,6.816666666666666,5.623471882640593,5850,5275.166666666667,10.896970079934276,97.0,97.82,-0.8382743815170653,88.7,89.23,-0.5939706376779122,0,No significant deviations from personal baseline detected
PATIENT_006,2026-09-25,65.0,68.92333333333333,-5.692315132756201,82.6,60.40333333333333,36.74742012030241,6.1,6.816666666666666,-10.513447432762838,5319,5275.166666666667,0.8309374111402426,97.4,97.82,-0.4293600490697071,89.0,89.23,-0.2577608427658903,0,HRV is 36.7% above personal baseline
PATIENT_006,2026-09-26,67.7,68.92333333333333,-1.774918992116839,49.3,60.40333333333333,-18.381987749020475,6.2,6.816666666666666,-9.046454767726155,4138,5275.166666666667,-21.55698082209093,97.5,97.82,-0.3271314659578749,88.8,89.23,-0.4819007060405769,0,Activity is 21.6% below personal baseline
PATIENT_006,2026-09-27,67.4,68.92333333333333,-2.2101852299656524,63.9,60.40333333333333,5.788863749241218,6.4,6.816666666666666,-6.112469437652803,6461,5275.166666666667,22.47954251050519,97.3,97.82,-0.5315886321815539,89.3,89.23,0.0784489521461315,0,No significant deviations from personal baseline detected
PATIENT_006,2026-09-28,65.5,68.92333333333333,-4.966871403008172,67.0,60.40333333333333,10.921030848187192,6.5,6.816666666666666,-4.645476772616133,5937,5275.166666666667,12.546207070866632,97.8,97.82,-0.0204457166223635,89.1,89.23,-0.145690911128555,0,No significant deviations from personal baseline detected
PATIENT_006,2026-09-29,70.1,68.92333333333333,1.7072109106736892,59.7,60.40333333333333,-1.1643949009436445,7.6,6.816666666666666,11.491442542787285,6463,5275.166666666667,22.51745600454961,98.0,97.82,0.1840114496013155,88.6,89.23,-0.7060405693152635,0,No significant deviations from personal baseline detected
PATIENT_006,2026-09-30,66.1,68.92333333333333,-4.096338927310544,57.8,60.40333333333333,-4.3099166712653805,6.6,6.816666666666666,-3.178484107579464,5977,5275.166666666667,13.304476951755074,97.0,97.82,-0.8382743815170653,89.7,89.23,0.5267286786955047,0,No significant deviations from personal baseline detected
PATIENT_006,2026-10-01,69.4,68.92333333333333,0.6915896890264647,48.3,60.40333333333333,-20.037525522874013,6.5,6.816666666666666,-4.645476772616133,2943,5275.166666666667,-44.21029351363306,97.1,97.82,-0.736045798405233,88.9,89.23,-0.3698307744032257,0,HRV is 20.0% below personal baseline; Activity is 44.2% below personal baseline
PATIENT_006,2026-10-02,67.6,68.92333333333333,-1.9200077380664569,60.1,60.40333333333333,-0.5021797914022308,6.5,6.816666666666666,-4.645476772616133,4935,5275.166666666667,-6.448453445388777,98.7,97.82,0.8996115313841849,89.8,89.23,0.63879861033284,0,No significant deviations from personal baseline detected
PATIENT_007,2026-09-03,72.2,72.45666666666666,-0.3542347150020619,54.1,59.39333333333333,-8.912335840161628,7.3,7.1033333333333335,2.768653214453304,8049,7658.1,5.104399263524891,99.7,98.34333333333332,1.3795207267057612,88.8,89.52333333333333,-0.8079830211862784,0,No significant deviations from personal baseline detected
PATIENT_007,2026-09-04,70.3,72.45666666666666,-2.9764916961862258,67.3,59.39333333333333,13.312380738578966,7.2,7.1033333333333335,1.3608634443923042,7407,7658.1,-3.278881184628045,98.5,98.34333333333332,0.1593058333050872,89.3,89.52333333333333,-0.2494694120713361,0,No significant deviations from personal baseline detected
PATIENT_007,2026-09-05,73.2,72.45666666666666,1.0259005382527573,56.3,59.39333333333333,-5.208216410371536,7.1,7.1033333333333335,-0.0469263256687074,8552,7658.1,11.672608088168078,98.4,98.34333333333332,0.057621258855037,89.1,89.52333333333333,-0.4728748557173162,0,No significant deviations from personal baseline detected
PATIENT_007,2026-09-06,70.5,72.45666666666666,-2.7004646455352583,58.0,59.39333333333333,-2.345942305533726,6.9,7.1033333333333335,-2.862505865790706,8670,7658.1,13.213460257766284,97.8,98.34333333333332,-0.5524861878453071,89.8,89.52333333333333,0.309044197043606,0,No significant deviations from personal baseline detected
PATIENT_007,2026-09-07,71.2,72.45666666666666,-1.7343699682568807,53.9,59.39333333333333,-9.249073970142552,7.5,7.1033333333333335,5.584232754575314,8396,7658.1,9.635549287682318,99.1,98.34333333333332,0.769413280005417,89.8,89.52333333333333,0.309044197043606,0,No significant deviations from personal baseline detected
PATIENT_007,2026-09-08,69.4,72.45666666666666,-4.218613424115551,57.9,59.39333333333333,-2.5143113705241875,7.0,7.1033333333333335,-1.4547160957297067,7248,7658.1,-5.355114192815455,98.0,98.34333333333332,-0.3491170389451924,89.4,89.52333333333333,-0.1377666902483382,0,No significant deviations from personal baseline detected
PATIENT_007,2026-09-09,70.6,72.45666666666666,-2.562451120209784,59.4,59.39333333333333,0.011224604332699,6.9,7.1033333333333335,-2.862505865790706,8577,7658.1,11.999059819015155,98.2,98.34333333333332,-0.1457478900450776,88.7,89.52333333333333,-0.9196857430092604,0,No significant deviations from personal baseline detected
PATIENT_007,2026-09-10,70.1,72.45666666666666,-3.2525187468371937,61.0,59.39333333333333,2.705129644180047,6.7,7.1033333333333335,-5.678085405912717,9056,7658.1,18.253874982045147,99.1,98.34333333333332,0.769413280005417,89.3,89.52333333333333,-0.2494694120713361,0,No significant deviations from personal baseline detected
PATIENT_007,2026-09-11,70.9,72.45666666666666,-2.1484105442333226,66.6,59.39333333333333,12.133797283645746,7.3,7.1033333333333335,2.768653214453304,9120,7658.1,19.089591413013665,99.7,98.34333333333332,1.3795207267057612,89.3,89.52333333333333,-0.2494694120713361,0,No significant deviations from personal baseline detected
PATIENT_007,2026-09-12,71.8,72.45666666666666,-0.9062888163039974,69.0,59.39333333333333,16.174654843416775,7.2,7.1033333333333335,1.3608634443923042,7101,7658.1,-7.274650370196268,99.2,98.34333333333332,0.8710978544554816,88.5,89.52333333333333,-1.1430911866552405,0,No significant deviations from personal baseline detected
PATIENT_007,2026-09-13,75.9,72.45666666666666,4.7522657220407725,69.0,59.39333333333333,16.174654843416775,7.5,7.1033333333333335,5.584232754575314,8280,7658.1,8.120813256551882,99.8,98.34333333333332,1.4812053011558115,88.8,89.52333333333333,-0.8079830211862784,0,No significant deviations from personal baseline detected
PATIENT_007,2026-09-14,67.0,72.45666666666666,-7.530938031927124,58.7,59.39333333333333,-1.1673588506005077,7.2,7.1033333333333335,1.3608634443923042,7222,7658.1,-5.694623992896415,98.6,98.34333333333332,0.2609904077551374,89.3,89.52333333333333,-0.2494694120713361,0,No significant deviations from personal baseline detected
PATIENT_007,2026-09-15,68.1,72.45666666666666,-6.012789253346831,74.1,59.39333333333333,24.76147715793018,6.5,7.1033333333333335,-8.493664946034727,6952,7658.1,-9.220302686044846,98.8,98.34333333333332,0.4643595566552521,89.1,89.52333333333333,-0.4728748557173162,0,HRV is 24.8% above personal baseline
PATIENT_007,2026-09-16,71.8,72.45666666666666,-0.9062888163039974,58.5,59.39333333333333,-1.5040969805814304,6.7,7.1033333333333335,-5.678085405912717,7583,7658.1,-0.980660999464624,98.1,98.34333333333332,-0.2474324644951422,89.5,89.52333333333333,-0.0260639684253561,0,No significant deviations from personal baseline detected
PATIENT_007,2026-09-17,69.1,72.45666666666666,-4.632654000092012,68.2,59.39333333333333,14.827702323493105,7.7,7.1033333333333335,8.399812294697325,9269,7658.1,21.035243728862245,99.2,98.34333333333332,0.8710978544554816,89.6,89.52333333333333,0.0856387533976259,0,No significant deviations from personal baseline detected
PATIENT_007,2026-09-18,72.8,72.45666666666666,0.4738464369508217,59.3,59.39333333333333,-0.1571444606577624,7.2,7.1033333333333335,1.3608634443923042,6399,7658.1,-16.441414972382187,98.7,98.34333333333332,0.3626749822052019,88.9,89.52333333333333,-0.6962802993632803,0,No significant deviations from personal baseline detected
PATIENT_007,2026-09-19,71.7,72.45666666666666,-1.0443023416294712,66.6,59.39333333333333,12.133797283645746,6.5,7.1033333333333335,-8.493664946034727,7215,7658.1,-5.786030477533596,98.3,98.34333333333332,-0.0440633155950275,89.0,89.52333333333333,-0.5845775775402983,0,No significant deviations from personal baseline detected
PATIENT_007,2026-09-20,71.0,72.45666666666666,-2.010397018907849,54.8,59.39333333333333,-7.7337523852284225,7.4,7.1033333333333335,4.176442984514315,6540,7658.1,-14.600227210404674,97.0,98.34333333333332,-1.3659627834457515,89.6,89.52333333333333,0.0856387533976259,0,SpO₂ is 1.4% below personal baseline
PATIENT_007,2026-09-21,66.6,72.45666666666666,-8.082992133229059,59.0,59.39333333333333,-0.662251655629135,6.5,7.1033333333333335,-8.493664946034727,6820,7658.1,-10.943967824917411,98.3,98.34333333333332,-0.0440633155950275,89.0,89.52333333333333,-0.5845775775402983,0,No significant deviations from personal baseline detected
PATIENT_007,2026-09-22,73.5,72.45666666666666,1.439941114229199,66.0,59.39333333333333,11.123582893703002,7.2,7.1033333333333335,1.3608634443923042,8987,7658.1,17.352868204907217,99.3,98.34333333333332,0.9727824289055318,89.4,89.52333333333333,-0.1377666902483382,0,No significant deviations from personal baseline detected
PATIENT_007,2026-09-23,69.3,72.45666666666666,-4.356626949441045,70.0,59.39333333333333,17.858345493321366,8.4,7.1033333333333335,18.25434068512436,8889,7658.1,16.073177419986674,99.8,98.34333333333332,1.4812053011558115,89.7,89.52333333333333,0.1973414752206239,0,No significant deviations from personal baseline detected
PATIENT_007,2026-09-24,73.1,72.45666666666666,0.8878870129272635,55.2,59.39333333333333,-7.060276125266577,6.7,7.1033333333333335,-5.678085405912717,8179,7658.1,6.80194826392969,97.4,98.34333333333332,-0.9592244856455222,88.9,89.52333333333333,-0.6962802993632803,0,No significant deviations from personal baseline detected
PATIENT_007,2026-09-25,73.1,72.45666666666666,0.8878870129272635,58.2,59.39333333333333,-2.009204175552803,7.7,7.1033333333333335,8.399812294697325,6878,7658.1,-10.186599809352192,98.2,98.34333333333332,-0.1457478900450776,89.7,89.52333333333333,0.1973414752206239,0,No significant deviations from personal baseline detected
PATIENT_007,2026-09-26,72.6,72.45666666666666,0.197819386299854,62.4,59.39333333333333,5.062296554046472,8.2,7.1033333333333335,15.438761145002331,9076,7658.1,18.51503636672281,97.7,98.34333333333332,-0.6541707622953573,90.1,89.52333333333333,0.644152362512568,1,No significant deviations from personal baseline detected
PATIENT_007,2026-09-27,71.7,72.45666666666666,-1.0443023416294712,57.8,59.39333333333333,-2.6826804355146487,7.0,7.1033333333333335,-1.4547160957297067,8402,7658.1,9.713897703085618,97.3,98.34333333333332,-1.0609090600955868,90.0,89.52333333333333,0.532449640689586,1,SpO₂ is 1.1% below personal baseline
PATIENT_007,2026-09-28,76.6,72.45666666666666,5.71836039931913,61.1,59.39333333333333,2.8734987091705086,6.7,7.1033333333333335,-5.678085405912717,7882,7658.1,2.9237017014664164,97.4,98.34333333333332,-0.9592244856455222,90.6,89.52333333333333,1.20266597162751,1,No significant deviations from personal baseline detected
PATIENT_007,2026-09-29,77.6,72.45666666666666,7.098495652573949,43.1,59.39333333333333,-27.43293298911213,6.9,7.1033333333333335,-2.862505865790706,6608,7658.1,-13.712278502500624,97.5,98.34333333333332,-0.857539911195472,89.9,89.52333333333333,0.420746918866604,1,HRV is 27.4% below personal baseline
PATIENT_007,2026-09-30,77.3,72.45666666666666,6.684455076597508,40.3,59.39333333333333,-32.14726680884499,7.5,7.1033333333333335,5.584232754575314,4851,7658.1,-36.65530614643319,97.1,98.34333333333332,-1.2642782089957016,91.1,89.52333333333333,1.7611795807424522,1,HRV is 32.1% below personal baseline; Activity is 36.7% below personal baseline; SpO₂ is 1.3% below personal baseline
PATIENT_007,2026-10-01,81.3,72.45666666666666,12.204996089616785,52.9,59.39333333333333,-10.93276462004714,7.2,7.1033333333333335,1.3608634443923042,5217,7658.1,-31.876052806831986,96.6,98.34333333333332,-1.7727010812459814,91.2,89.52333333333333,1.8728823025654504,1,Resting HR is 12.2% above personal baseline; Activity is 31.9% below personal baseline; SpO₂ is 1.8% below personal baseline
PATIENT_007,2026-10-02,83.4,72.45666666666666,15.103280121451917,43.1,59.39333333333333,-27.43293298911213,5.3,7.1033333333333335,-25.38714218676678,6318,7658.1,-17.499118580326716,97.5,98.34333333333332,-0.857539911195472,90.3,89.52333333333333,0.8675578061585482,1,Resting HR is 15.1% above personal baseline; HRV is 27.4% below personal baseline; Sleep is 25.4% below personal baseline
PATIENT_008,2026-09-03,75.6,78.47666666666667,-3.665633096886564,67.2,62.57666666666667,7.388270388323659,7.7,7.506666666666666,2.57548845470694,7734,7114.733333333334,8.704003898014445,98.7,97.81,0.9099274102852474,72.5,72.6,-0.1377410468319481,0,No significant deviations from personal baseline detected
PATIENT_008,2026-09-04,77.7,78.47666666666667,-0.9896784606889574,65.9,62.57666666666667,5.310818729025735,8.6,7.506666666666666,14.564831261101247,8005,7114.733333333334,12.51300119001883,98.9,97.81,1.1144054800122722,73.2,72.6,0.8264462809917473,0,No significant deviations from personal baseline detected
PATIENT_008,2026-09-05,80.6,78.47666666666667,2.705687465488664,49.7,62.57666666666667,-20.577425025302293,8.1,7.506666666666666,7.904085257548851,7318,7114.733333333334,2.8569822246793004,98.0,97.81,0.1942541662406683,72.4,72.6,-0.2754820936638962,0,HRV is 20.6% below personal baseline
PATIENT_008,2026-09-06,76.2,78.47666666666667,-2.901074629401525,65.1,62.57666666666667,4.03238693868853,8.0,7.506666666666666,6.571936056838376,5608,7114.733333333334,-21.177650134462763,98.1,97.81,0.2964932011041734,72.4,72.6,-0.2754820936638962,0,Activity is 21.2% below personal baseline
PATIENT_008,2026-09-07,74.6,78.47666666666667,-4.939897209361609,64.9,62.57666666666667,3.712778991104252,7.3,7.506666666666666,-2.753108348134984,6447,7114.733333333334,-9.38521940386616,97.4,97.81,-0.4191800429403912,72.8,72.6,0.2754820936639158,0,No significant deviations from personal baseline detected
PATIENT_008,2026-09-08,77.4,78.47666666666667,-1.371957694431467,54.5,62.57666666666667,-12.906834283279178,7.0,7.506666666666666,-6.749555950266421,6923,7114.733333333334,-2.6948772968769066,98.2,97.81,0.398732235967693,72.2,72.6,-0.550964187327812,0,No significant deviations from personal baseline detected
PATIENT_008,2026-09-09,78.9,78.47666666666667,0.5394384742811009,56.4,62.57666666666667,-9.870558781228365,9.2,7.506666666666666,22.557726465364123,6165,7114.733333333334,-13.348825442040464,97.4,97.81,-0.4191800429403912,72.8,72.6,0.2754820936639158,0,No significant deviations from personal baseline detected
PATIENT_008,2026-09-10,74.7,78.47666666666667,-4.812470798114094,68.0,62.57666666666667,8.66670217866084,8.6,7.506666666666666,14.564831261101247,6718,7114.733333333334,-5.576222111861774,98.1,97.81,0.2964932011041734,72.4,72.6,-0.2754820936638962,0,No significant deviations from personal baseline detected
PATIENT_008,2026-09-11,77.4,78.47666666666667,-1.371957694431467,72.2,62.57666666666667,15.378469077931072,8.1,7.506666666666666,7.904085257548851,6201,7114.733333333334,-12.842833181848,99.0,97.81,1.2166445148757772,73.3,72.6,0.9641873278236954,0,No significant deviations from personal baseline detected
PATIENT_008,2026-09-12,78.9,78.47666666666667,0.5394384742811009,57.5,62.57666666666667,-8.112715069514731,7.6,7.506666666666666,1.2433392539964527,6310,7114.733333333334,-11.310801060709704,98.3,97.81,0.5009712708311982,72.5,72.6,-0.1377410468319481,0,No significant deviations from personal baseline detected
PATIENT_008,2026-09-13,70.7,78.47666666666667,-9.909527248014276,68.6,62.57666666666667,9.62552602141372,7.6,7.506666666666666,1.2433392539964527,8184,7114.733333333334,15.02890715042025,97.8,97.81,-0.0102239034863563,72.8,72.6,0.2754820936639158,0,No significant deviations from personal baseline detected
PATIENT_008,2026-09-14,80.8,78.47666666666667,2.9605402879836764,64.9,62.57666666666667,3.712778991104252,7.7,7.506666666666666,2.57548845470694,10320,7114.733333333334,45.05111458850647,97.8,97.81,-0.0102239034863563,72.8,72.6,0.2754820936639158,0,No significant deviations from personal baseline detected
PATIENT_008,2026-09-15,82.6,78.47666666666667,5.254215690438755,56.5,62.57666666666667,-9.710754807436214,6.9,7.506666666666666,-8.081705150976894,5674,7114.733333333334,-20.24999765744324,98.3,97.81,0.5009712708311982,73.0,72.6,0.5509641873278316,0,Activity is 20.2% below personal baseline
PATIENT_008,2026-09-16,79.7,78.47666666666667,1.5588497642611336,52.7,62.57666666666667,-15.783305811537844,8.1,7.506666666666666,7.904085257548851,8303,7114.733333333334,16.701492677167565,97.9,97.81,0.0920151313771632,72.7,72.6,0.1377410468319676,0,No significant deviations from personal baseline detected
PATIENT_008,2026-09-17,79.5,78.47666666666667,1.303996941766121,64.7,62.57666666666667,3.393171043519952,7.9,7.506666666666666,5.2397868561279015,6019,7114.733333333334,-15.400905163932125,97.8,97.81,-0.0102239034863563,72.1,72.6,-0.6887052341597797,0,No significant deviations from personal baseline detected
PATIENT_008,2026-09-18,79.3,78.47666666666667,1.0491441192711082,65.9,62.57666666666667,5.310818729025735,7.5,7.506666666666666,-0.0888099467140221,7402,7114.733333333334,4.037630831795051,96.8,97.81,-1.0326142521214652,73.1,72.6,0.6887052341597797,0,SpO₂ is 1.0% below personal baseline
PATIENT_008,2026-09-19,76.0,78.47666666666667,-3.155927451896538,63.1,62.57666666666667,0.8363074628455763,8.2,7.506666666666666,9.236234458259329,6349,7114.733333333334,-10.762642778834534,98.8,97.81,1.0121664451487524,72.8,72.6,0.2754820936639158,0,No significant deviations from personal baseline detected
PATIENT_008,2026-09-20,77.5,78.47666666666667,-1.24453128318397,66.1,62.57666666666667,5.630426676610014,6.8,7.506666666666666,-9.413854351687382,7700,7114.733333333334,8.226122318943785,98.0,97.81,0.1942541662406683,73.2,72.6,0.8264462809917473,0,No significant deviations from personal baseline detected
PATIENT_008,2026-09-21,76.8,78.47666666666667,-2.136516161916506,59.6,62.57666666666667,-4.756831619879613,7.7,7.506666666666666,2.57548845470694,7046,7114.733333333334,-0.9660704078859864,97.1,97.81,-0.7258971475309354,72.6,72.6,0.0,0,No significant deviations from personal baseline detected
PATIENT_008,2026-09-22,81.2,78.47666666666667,3.470245932973702,61.5,62.57666666666667,-1.7205561178287987,7.0,7.506666666666666,-6.749555950266421,7822,7114.733333333334,9.940873867373805,96.6,97.81,-1.23709232184849,71.6,72.6,-1.3774104683195594,0,SpO₂ is 1.2% below personal baseline
PATIENT_008,2026-09-23,77.4,78.47666666666667,-1.371957694431467,63.4,62.57666666666667,1.3157193842220165,7.7,7.506666666666666,2.57548845470694,6213,7114.733333333334,-12.674169095117175,97.8,97.81,-0.0102239034863563,72.0,72.6,-0.8264462809917278,0,No significant deviations from personal baseline detected
PATIENT_008,2026-09-24,78.1,78.47666666666667,-0.47997281569895,50.9,62.57666666666667,-18.65977733979652,7.4,7.506666666666666,-1.4209591474244971,7367,7114.733333333334,3.5456939121634883,96.7,97.81,-1.1348532869849703,72.4,72.6,-0.2754820936638962,0,SpO₂ is 1.1% below personal baseline
PATIENT_008,2026-09-25,79.8,78.47666666666667,1.686276175508631,73.0,62.57666666666667,16.656900868268252,6.6,7.506666666666666,-12.078152753108345,7445,7114.733333333334,4.642010475913827,97.1,97.81,-0.7258971475309354,72.0,72.6,-0.8264462809917278,0,No significant deviations from personal baseline detected
PATIENT_008,2026-09-26,82.2,78.47666666666667,4.744510045448748,66.8,62.57666666666667,6.749054493155056,7.0,7.506666666666666,-6.749555950266421,7325,7114.733333333334,2.9553696086056127,98.4,97.81,0.6032103056947178,72.8,72.6,0.2754820936639158,0,No significant deviations from personal baseline detected
PATIENT_008,2026-09-27,84.2,78.47666666666667,7.293038270398839,66.4,62.57666666666667,6.109838597986477,5.7,7.506666666666666,-24.067495559502657,6815,7114.733333333334,-4.2128540774543,97.4,97.81,-0.4191800429403912,72.6,72.6,0.0,0,Sleep is 24.1% below personal baseline
PATIENT_008,2026-09-28,77.5,78.47666666666667,-1.24453128318397,57.6,62.57666666666667,-7.9529110957225795,6.9,7.506666666666666,-8.081705150976894,8469,7114.733333333334,19.03467921027726,98.4,97.81,0.6032103056947178,72.4,72.6,-0.2754820936638962,0,No significant deviations from personal baseline detected
PATIENT_008,2026-09-29,79.5,78.47666666666667,1.303996941766121,66.9,62.57666666666667,6.908858466947218,8.3,7.506666666666666,10.568383658969823,6050,7114.733333333334,-14.965189606544168,98.5,97.81,0.7054493405582227,72.4,72.6,-0.2754820936638962,0,No significant deviations from personal baseline detected
PATIENT_008,2026-09-30,80.9,78.47666666666667,3.087966699231192,60.8,62.57666666666667,-2.8391839343738416,6.2,7.506666666666666,-17.406749555950256,7141,7114.733333333334,0.3691869453996836,96.7,97.81,-1.1348532869849703,72.6,72.6,0.0,0,Sleep is 17.4% below personal baseline; SpO₂ is 1.1% below personal baseline
PATIENT_008,2026-10-01,77.3,78.47666666666667,-1.499384105678983,59.4,62.57666666666667,-5.076439567463916,6.6,7.506666666666666,-12.078152753108345,5990,7114.733333333334,-15.808510040198277,97.3,97.81,-0.5214190778039107,72.6,72.6,0.0,0,No significant deviations from personal baseline detected
PATIENT_008,2026-10-02,81.3,78.47666666666667,3.5976723442212,67.1,62.57666666666667,7.228466414531496,7.2,7.506666666666666,-4.085257548845459,8379,7114.733333333334,17.769698559796097,97.0,97.81,-0.8281361823944405,73.0,72.6,0.5509641873278316,0,No significant deviations from personal baseline detected
PATIENT_009,2026-09-03,77.5,70.33333333333333,10.189573459715648,39.1,39.04,0.1536885245901697,8.6,7.489999999999999,14.819759679572767,7057,6749.5,4.555893029113268,98.2,98.81333333333332,-0.6206989610039094,68.9,68.24666666666667,0.9573117124157506,0,Resting HR is 10.2% above personal baseline
PATIENT_009,2026-09-04,67.1,70.33333333333333,-4.597156398104267,25.6,39.04,-34.42622950819671,8.3,7.489999999999999,10.814419225634198,7479,6749.5,10.80820801540855,99.0,98.81333333333332,0.1889083794359743,68.1,68.24666666666667,-0.2149067109504865,0,HRV is 34.4% below personal baseline
PATIENT_009,2026-09-05,75.0,70.33333333333333,6.635071090047401,46.3,39.04,18.59631147540984,7.4,7.489999999999999,-1.2016021361815616,7142,6749.5,5.815245573746203,98.1,98.81333333333332,-0.7218998785589039,68.0,68.24666666666667,-0.3614340138712558,0,No significant deviations from personal baseline detected
PATIENT_009,2026-09-06,67.1,70.33333333333333,-4.597156398104267,25.9,39.04,-33.657786885245905,7.1,7.489999999999999,-5.206942590120157,7633,6749.5,13.089858508037633,98.2,98.81333333333332,-0.6206989610039094,68.0,68.24666666666667,-0.3614340138712558,0,HRV is 33.7% below personal baseline
PATIENT_009,2026-09-07,66.8,70.33333333333333,-5.023696682464453,47.3,39.04,21.157786885245898,7.8,7.489999999999999,4.138851802403211,6901,6749.5,2.2446107119045857,98.9,98.81333333333332,0.0877074618809942,67.7,68.24666666666667,-0.8010159226335843,0,HRV is 21.2% above personal baseline
PATIENT_009,2026-09-08,67.4,70.33333333333333,-4.170616113744061,47.1,39.04,20.64549180327869,7.8,7.489999999999999,4.138851802403211,7185,6749.5,6.452329802207571,96.8,98.81333333333332,-2.037511806773717,68.8,68.24666666666667,0.8107844094949607,0,HRV is 20.6% above personal baseline; SpO₂ is 2.0% below personal baseline
PATIENT_009,2026-09-09,68.8,70.33333333333333,-2.1800947867298555,56.5,39.04,44.72336065573771,7.5,7.489999999999999,0.1335113484646285,6439,6749.5,-4.600340765982666,99.5,98.81333333333332,0.6949129672109036,67.8,68.24666666666667,-0.654488619712815,0,HRV is 44.7% above personal baseline
PATIENT_009,2026-09-10,72.9,70.33333333333333,3.649289099526081,36.8,39.04,-5.737704918032792,8.6,7.489999999999999,14.819759679572767,7203,6749.5,6.7190162234239565,99.3,98.81333333333332,0.4925111321009289,67.9,68.24666666666667,-0.5079613167920249,0,No significant deviations from personal baseline detected
PATIENT_009,2026-09-11,69.6,70.33333333333333,-1.0426540284360204,43.4,39.04,11.168032786885243,6.6,7.489999999999999,-11.882510013351132,5858,6749.5,-13.208385806356029,99.7,98.81333333333332,0.897314802320878,67.6,68.24666666666667,-0.9475432255543744,0,No significant deviations from personal baseline detected
PATIENT_009,2026-09-12,74.1,70.33333333333333,5.355450236966823,36.9,39.04,-5.481557377049183,8.0,7.489999999999999,6.809078771695604,5263,6749.5,-22.02385361878657,99.3,98.81333333333332,0.4925111321009289,68.5,68.24666666666667,0.371202500732632,0,Activity is 22.0% below personal baseline
PATIENT_009,2026-09-13,73.7,70.33333333333333,4.786729857819917,50.7,39.04,29.866803278688536,8.6,7.489999999999999,14.819759679572767,6619,6749.5,-1.9334765538188008,98.1,98.81333333333332,-0.7218998785589039,68.9,68.24666666666667,0.9573117124157506,0,HRV is 29.9% above personal baseline
PATIENT_009,2026-09-14,66.4,70.33333333333333,-5.59241706161136,38.2,39.04,-2.1516393442622856,8.2,7.489999999999999,9.479305740987984,6854,6749.5,1.548262834284021,100.0,98.81333333333332,1.2009175549858326,68.2,68.24666666666667,-0.0683794080296964,0,No significant deviations from personal baseline detected
PATIENT_009,2026-09-15,65.2,70.33333333333333,-7.298578199052122,39.3,39.04,0.665983606557372,7.9,7.489999999999999,5.473965287049413,6060,6749.5,-10.215571523816578,100.0,98.81333333333332,1.2009175549858326,68.1,68.24666666666667,-0.2149067109504865,0,No significant deviations from personal baseline detected
PATIENT_009,2026-09-16,66.0,70.33333333333333,-6.161137440758288,44.5,39.04,13.985655737704922,7.1,7.489999999999999,-5.206942590120157,8110,6749.5,20.15704867027187,99.2,98.81333333333332,0.3913102145459489,67.5,68.24666666666667,-1.0940705284751435,0,No significant deviations from personal baseline detected
PATIENT_009,2026-09-17,73.5,70.33333333333333,4.502369668246453,57.9,39.04,48.3094262295082,6.6,7.489999999999999,-11.882510013351132,7313,6749.5,8.348766575301875,99.3,98.81333333333332,0.4925111321009289,68.3,68.24666666666667,0.0781478948910727,0,HRV is 48.3% above personal baseline
PATIENT_009,2026-09-18,71.3,70.33333333333333,1.3744075829383913,44.7,39.04,14.49795081967214,7.4,7.489999999999999,-1.2016021361815616,7821,6749.5,15.87525001851989,98.0,98.81333333333332,-0.8231007961138841,69.2,68.24666666666667,1.3968936211780791,0,No significant deviations from personal baseline detected
PATIENT_009,2026-09-19,74.9,70.33333333333333,6.492890995260679,33.0,39.04,-15.471311475409836,7.8,7.489999999999999,4.138851802403211,7830,6749.5,16.008593229128085,98.7,98.81333333333332,-0.1146943732289803,68.2,68.24666666666667,-0.0683794080296964,0,No significant deviations from personal baseline detected
PATIENT_009,2026-09-20,69.1,70.33333333333333,-1.7535545023696697,49.4,39.04,26.53688524590164,7.4,7.489999999999999,-1.2016021361815616,6400,6749.5,-5.178161345284836,99.4,98.81333333333332,0.5937120496559234,68.1,68.24666666666667,-0.2149067109504865,0,HRV is 26.5% above personal baseline
PATIENT_009,2026-09-21,67.7,70.33333333333333,-3.744075829383876,31.9,39.04,-18.28893442622951,6.9,7.489999999999999,-7.877169559412538,5230,6749.5,-22.51277872434996,97.8,98.81333333333332,-1.0255026312238589,67.9,68.24666666666667,-0.5079613167920249,0,Activity is 22.5% below personal baseline; SpO₂ is 1.0% below personal baseline
PATIENT_009,2026-09-22,71.2,70.33333333333333,1.2322274881516695,41.6,39.04,6.557377049180333,7.3,7.489999999999999,-2.536715620827764,5392,6749.5,-20.11260093340248,98.3,98.81333333333332,-0.5194980434489294,67.5,68.24666666666667,-1.0940705284751435,0,Activity is 20.1% below personal baseline
PATIENT_009,2026-09-23,66.6,70.33333333333333,-5.308056872037916,46.3,39.04,18.59631147540984,7.0,7.489999999999999,-6.5420560747663465,6428,6749.5,-4.763315801170457,98.6,98.81333333333332,-0.2158952907839748,69.5,68.24666666666667,1.836475529940408,0,No significant deviations from personal baseline detected
PATIENT_009,2026-09-24,64.9,70.33333333333333,-7.725118483412308,42.6,39.04,9.1188524590164,7.6,7.489999999999999,1.468624833110819,5639,6749.5,-16.453070597822062,99.2,98.81333333333332,0.3913102145459489,68.3,68.24666666666667,0.0781478948910727,0,No significant deviations from personal baseline detected
PATIENT_009,2026-09-25,67.1,70.33333333333333,-4.597156398104267,44.3,39.04,13.473360655737702,8.0,7.489999999999999,6.809078771695604,7720,6749.5,14.378842877250166,98.6,98.81333333333332,-0.2158952907839748,69.0,68.24666666666667,1.1038390153365198,0,No significant deviations from personal baseline detected
PATIENT_009,2026-09-26,70.7,70.33333333333333,0.5213270142180203,24.4,39.04,-37.5,8.0,7.489999999999999,6.809078771695604,6329,6749.5,-6.230091117860583,98.4,98.81333333333332,-0.4182971258939348,68.7,68.24666666666667,0.6642571065741913,1,HRV is 37.5% below personal baseline
PATIENT_009,2026-09-27,70.9,70.33333333333333,0.8056872037914841,42.4,39.04,8.606557377049178,7.5,7.489999999999999,0.1335113484646285,7161,6749.5,6.0967479072523885,99.5,98.81333333333332,0.6949129672109036,68.5,68.24666666666667,0.371202500732632,1,No significant deviations from personal baseline detected
PATIENT_009,2026-09-28,70.2,70.33333333333333,-0.189573459715629,38.7,39.04,-0.8709016393442528,7.4,7.489999999999999,-1.2016021361815616,8412,6749.5,24.63145418179124,99.3,98.81333333333332,0.4925111321009289,68.6,68.24666666666667,0.5177298036534013,1,No significant deviations from personal baseline detected
PATIENT_009,2026-09-29,72.0,70.33333333333333,2.3696682464455043,26.4,39.04,-32.37704918032787,7.3,7.489999999999999,-2.536715620827764,5240,6749.5,-22.36461960145196,98.2,98.81333333333332,-0.6206989610039094,68.2,68.24666666666667,-0.0683794080296964,1,HRV is 32.4% below personal baseline; Activity is 22.4% below personal baseline
PATIENT_009,2026-09-30,75.0,70.33333333333333,6.635071090047401,27.7,39.04,-29.047131147540984,7.7,7.489999999999999,2.803738317757021,6010,6749.5,-10.956367138306542,99.5,98.81333333333332,0.6949129672109036,68.2,68.24666666666667,-0.0683794080296964,1,HRV is 29.0% below personal baseline
PATIENT_009,2026-10-01,75.7,70.33333333333333,7.630331753554513,25.1,39.04,-35.70696721311475,5.7,7.489999999999999,-23.89853137516688,6477,6749.5,-4.037336098970294,98.5,98.81333333333332,-0.3170962083389548,67.8,68.24666666666667,-0.654488619712815,1,HRV is 35.7% below personal baseline; Sleep is 23.9% below personal baseline
PATIENT_009,2026-10-02,71.6,70.33333333333333,1.800947867298577,17.2,39.04,-55.94262295081968,5.6,7.489999999999999,-25.233644859813083,7280,6749.5,7.859841469738499,98.8,98.81333333333332,-0.0134934556740002,67.4,68.24666666666667,-1.2405978313959127,1,HRV is 55.9% below personal baseline; Sleep is 25.2% below personal baseline
PATIENT_010,2026-09-03,65.4,70.34333333333333,-7.027436857318857,51.7,52.64333333333333,-1.7919331349331884,7.0,7.343333333333334,-4.67544257830232,8732,5891.566666666667,48.21185083763798,97.5,97.71666666666668,-0.2217294900221749,62.0,62.26,-0.4176035978156088,0,No significant deviations from personal baseline detected
PATIENT_010,2026-09-04,73.5,70.34333333333333,4.487513623655404,50.9,52.64333333333333,-3.311593744063824,7.5,7.343333333333334,2.133454380390372,4905,5891.566666666667,-16.74540444816602,98.7,97.71666666666668,1.0063107624083245,61.9,62.26,-0.578220366206231,0,No significant deviations from personal baseline detected
PATIENT_010,2026-09-05,71.6,70.34333333333333,1.7864758565132834,59.9,52.64333333333333,13.784588108655734,7.2,7.343333333333334,-1.9518837948252408,5778,5891.566666666667,-1.9276140471974053,98.1,97.71666666666668,0.3922906361930674,62.5,62.26,0.3854802441374911,0,No significant deviations from personal baseline detected
PATIENT_010,2026-09-06,67.2,70.34333333333333,-4.468558972657912,53.3,52.64333333333333,1.247388083328056,6.8,7.343333333333334,-7.399001361779399,5033,5891.566666666667,-14.57280745924966,97.2,97.71666666666668,-0.528739553129796,62.8,62.26,0.8673305493093466,0,No significant deviations from personal baseline detected
PATIENT_010,2026-09-07,75.3,70.34333333333333,7.046391508316349,70.3,52.64333333333333,33.540176027353894,7.3,7.343333333333334,-0.5901044030867075,4937,5891.566666666667,-16.202255200936932,97.0,97.71666666666668,-0.7334129285348817,63.0,62.26,1.188564086090591,0,HRV is 33.5% above personal baseline
PATIENT_010,2026-09-08,65.9,70.34333333333333,-6.316637444913038,49.8,52.64333333333333,-5.40112708161844,7.0,7.343333333333334,-4.67544257830232,7529,5891.566666666667,27.79283382461937,97.0,97.71666666666668,-0.7334129285348817,62.8,62.26,0.8673305493093466,0,No significant deviations from personal baseline detected
PATIENT_010,2026-09-09,74.4,70.34333333333333,5.766952565985887,50.9,52.64333333333333,-3.311593744063824,7.6,7.343333333333334,3.495233772128905,4240,5891.566666666667,-28.03272474214556,97.6,97.71666666666668,-0.1193928023196393,62.1,62.26,-0.2569868294249864,0,Activity is 28.0% below personal baseline
PATIENT_010,2026-09-10,62.8,70.34333333333333,-10.723593801829129,54.9,52.64333333333333,4.286709301589314,7.6,7.343333333333334,3.495233772128905,4085,5891.566666666667,-30.663603908411456,96.7,97.71666666666668,-1.040422991642503,61.8,62.26,-0.7388371345968533,0,Resting HR is 10.7% below personal baseline; Activity is 30.7% below personal baseline; SpO₂ is 1.0% below personal baseline
PATIENT_010,2026-09-11,68.9,70.34333333333333,-2.0518409704781235,49.9,52.64333333333333,-5.211169505477108,6.8,7.343333333333334,-7.399001361779399,4771,5891.566666666667,-19.01984192093784,97.9,97.71666666666668,0.1876172607879963,62.0,62.26,-0.4176035978156088,0,No significant deviations from personal baseline detected
PATIENT_010,2026-09-12,70.2,70.34333333333333,-0.2037624982229979,50.4,52.64333333333333,-4.261381624770467,7.6,7.343333333333334,3.495233772128905,5624,5891.566666666667,-4.541519799487402,98.3,97.71666666666668,0.596964011598153,62.3,62.26,0.0642467073562466,0,No significant deviations from personal baseline detected
PATIENT_010,2026-09-13,73.2,70.34333333333333,4.061033976211916,60.7,52.64333333333333,15.304248717786372,6.5,7.343333333333334,-11.48433953699501,6701,5891.566666666667,13.738847052566664,98.9,97.71666666666668,1.21098413781341,61.7,62.26,-0.8994539029874642,0,No significant deviations from personal baseline detected
PATIENT_010,2026-09-14,70.4,70.34333333333333,0.0805572667393337,49.5,52.64333333333333,-5.97099981004242,7.6,7.343333333333334,3.495233772128905,6299,5891.566666666667,6.91553463425122,97.2,97.71666666666668,-0.528739553129796,62.9,62.26,1.0279473176999687,0,No significant deviations from personal baseline detected
PATIENT_010,2026-09-15,67.9,70.34333333333333,-3.473439795289761,51.0,52.64333333333333,-3.121636167922493,8.0,7.343333333333334,8.942351339083062,7732,5891.566666666667,31.23843686172892,97.3,97.71666666666668,-0.4264028654272605,62.6,62.26,0.5460970125281134,0,No significant deviations from personal baseline detected
PATIENT_010,2026-09-16,71.1,70.34333333333333,1.0756764441074642,40.9,52.64333333333333,-22.30735135819667,6.8,7.343333333333334,-7.399001361779399,4574,5891.566666666667,-22.363604474191924,97.3,97.71666666666668,-0.4264028654272605,62.0,62.26,-0.4176035978156088,0,HRV is 22.3% below personal baseline; Activity is 22.4% below personal baseline
PATIENT_010,2026-09-17,70.6,70.34333333333333,0.3648770317016451,61.0,52.64333333333333,15.874121446210353,7.6,7.343333333333334,3.495233772128905,8432,5891.566666666667,43.11982664486526,97.5,97.71666666666668,-0.2217294900221749,62.6,62.26,0.5460970125281134,0,No significant deviations from personal baseline detected
PATIENT_010,2026-09-18,71.7,70.34333333333333,1.928635738994459,62.6,52.64333333333333,18.91344266447161,7.1,7.343333333333334,-3.3136631865637867,6624,5891.566666666667,12.431894176421666,98.8,97.71666666666668,1.10864745011086,61.8,62.26,-0.7388371345968533,0,No significant deviations from personal baseline detected
PATIENT_010,2026-09-19,70.3,70.34333333333333,-0.0616026157418422,55.5,52.64333333333333,5.426454758437287,7.1,7.343333333333334,-3.3136631865637867,4903,5891.566666666667,-16.77935127611784,98.9,97.71666666666668,1.21098413781341,62.1,62.26,-0.2569868294249864,0,No significant deviations from personal baseline detected
PATIENT_010,2026-09-20,75.7,70.34333333333333,7.615031038241011,48.5,52.64333333333333,-7.870575571455704,7.2,7.343333333333334,-1.9518837948252408,6576,5891.566666666667,11.617170305578032,97.5,97.71666666666668,-0.2217294900221749,61.8,62.26,-0.7388371345968533,0,No significant deviations from personal baseline detected
PATIENT_010,2026-09-21,68.3,70.34333333333333,-2.9048002653651186,53.9,52.64333333333333,2.3871335401760296,7.0,7.343333333333334,-4.67544257830232,5867,5891.566666666667,-0.4169802033414984,96.1,97.71666666666668,-1.65444311785776,61.9,62.26,-0.578220366206231,0,SpO₂ is 1.7% below personal baseline
PATIENT_010,2026-09-22,69.9,70.34333333333333,-0.6302421456664853,48.4,52.64333333333333,-8.060533147597035,6.8,7.343333333333334,-7.399001361779399,4895,5891.566666666667,-16.915138587925114,97.7,97.71666666666668,-0.0170561146170892,62.9,62.26,1.0279473176999687,0,No significant deviations from personal baseline detected
PATIENT_010,2026-09-23,66.3,70.34333333333333,-5.747997914988394,50.1,52.64333333333333,-4.831254353194446,7.9,7.343333333333334,7.580571947344529,6113,5891.566666666667,3.758479634732132,97.6,97.71666666666668,-0.1193928023196393,62.0,62.26,-0.4176035978156088,0,No significant deviations from personal baseline detected
PATIENT_010,2026-09-24,70.5,70.34333333333333,0.2227171492204894,51.3,52.64333333333333,-2.551763439498513,6.0,7.343333333333334,-18.293236495687704,5063,5891.566666666667,-14.063605039972389,96.3,97.71666666666668,-1.449769742452674,62.9,62.26,1.0279473176999687,0,Sleep is 18.3% below personal baseline; SpO₂ is 1.4% below personal baseline
PATIENT_010,2026-09-25,73.0,70.34333333333333,3.776714211249585,46.5,52.64333333333333,-11.669727094282273,7.8,7.343333333333334,6.218792555605984,8227,5891.566666666667,39.6402767798039,97.2,97.71666666666668,-0.528739553129796,62.9,62.26,1.0279473176999687,0,No significant deviations from personal baseline detected
PATIENT_010,2026-09-26,71.6,70.34333333333333,1.7864758565132834,50.4,52.64333333333333,-4.261381624770467,6.7,7.343333333333334,-8.760780753517933,5223,5891.566666666667,-11.347858803826938,97.4,97.71666666666668,-0.3240661777247104,61.0,62.26,-2.0237712817218085,0,No significant deviations from personal baseline detected
PATIENT_010,2026-09-27,72.1,70.34333333333333,2.4972752689191022,49.8,52.64333333333333,-5.40112708161844,7.6,7.343333333333334,3.495233772128905,5359,5891.566666666667,-9.039474503103303,99.8,97.71666666666668,2.132014327136273,61.4,62.26,-1.381304208159331,0,No significant deviations from personal baseline detected
PATIENT_010,2026-09-28,67.7,70.34333333333333,-3.757759560252093,57.0,52.64333333333333,8.275818400557213,8.8,7.343333333333334,19.83658647299137,4786,5891.566666666667,-18.7652407112992,98.9,97.71666666666668,1.21098413781341,61.7,62.26,-0.8994539029874642,0,No significant deviations from personal baseline detected
PATIENT_010,2026-09-29,74.4,70.34333333333333,5.766952565985887,52.5,52.64333333333333,-0.272272525802566,8.7,7.343333333333334,18.474807081252823,7561,5891.566666666667,28.335983071848464,97.2,97.71666666666668,-0.528739553129796,63.7,62.26,2.3128814648249354,0,No significant deviations from personal baseline detected
PATIENT_010,2026-09-30,67.1,70.34333333333333,-4.610718855139089,49.8,52.64333333333333,-5.40112708161844,8.4,7.343333333333334,14.38946890603722,5044,5891.566666666667,-14.386099905514662,97.2,97.71666666666668,-0.528739553129796,62.3,62.26,0.0642467073562466,0,No significant deviations from personal baseline detected
PATIENT_010,2026-10-01,71.8,70.34333333333333,2.070795621475615,54.7,52.64333333333333,3.906794149306666,6.9,7.343333333333334,-6.037221970040854,5976,5891.566666666667,1.43312192003259,98.1,97.71666666666668,0.3922906361930674,63.0,62.26,1.188564086090591,0,No significant deviations from personal baseline detected
PATIENT_010,2026-10-02,71.5,70.34333333333333,1.6443159740321276,43.2,52.64333333333333,-17.938327106946105,7.4,7.343333333333334,0.771674988651838,5158,5891.566666666667,-12.451130712261026,98.6,97.71666666666668,0.9039740747057744,61.4,62.26,-1.381304208159331,0,No significant deviations from personal baseline detected
